[INFO] - [1] - [?] - [Executed DbCommand (9ms) [Parameters=[], CommandType='Text', CommandTimeout='30']
SELECT 1]
[INFO] - [1] - [?] - [Executed DbCommand (7ms) [Parameters=[], CommandType='Text', CommandTimeout='30']
SELECT OBJECT_ID(N'[__EFMigrationsHistory]');]
[INFO] - [1] - [?] - [Executed DbCommand (5ms) [Parameters=[], CommandType='Text', CommandTimeout='30']
SELECT [MigrationId], [ProductVersion]
FROM [__EFMigrationsHistory]
ORDER BY [MigrationId];]
[INFO] - [10] - [?] - [Executed DbCommand (30ms) [Parameters=[@__normalizedName_0='?' (Size = 256)], CommandType='Text', CommandTimeout='30']
SELECT TOP(1) [a].[Id], [a].[ConcurrencyStamp], [a].[Name], [a].[NormalizedName]
FROM [AspNetRoles] AS [a]
WHERE [a].[NormalizedName] = @__normalizedName_0]
[INFO] - [1] - [?] - [Now listening on: https://localhost:7266]
[INFO] - [1] - [?] - [Now listening on: http://localhost:5272]
[INFO] - [1] - [Microsoft.Extensions.Hosting.Internal.ConsoleLifetime.OnApplicationStarted(:0)] - [Application started. Press Ctrl+C to shut down.]
[INFO] - [1] - [Microsoft.Extensions.Hosting.Internal.ConsoleLifetime.OnApplicationStarted(:0)] - [Hosting environment: Development]
[INFO] - [1] - [System.Threading.CancellationTokenSource.Invoke(:0)] - [Content root path: C:\Users\OPL-PC\Desktop\SimpleBlog\SimpleBlog\SimpleBlog.Presentation]
[WARN] - [10] - [?] - [Compiling a query which loads related collections for more than one collection navigation, either via 'Include' or through projection, but no 'QuerySplittingBehavior' has been configured. By default, Entity Framework will use 'QuerySplittingBehavior.SingleQuery', which can potentially result in slow query performance. See https://go.microsoft.com/fwlink/?linkid=2134277 for more information. To identify the query that's triggering this warning call 'ConfigureWarnings(w => w.Throw(RelationalEventId.MultipleCollectionIncludeWarning))'.]
[INFO] - [10] - [?] - [Executed DbCommand (6ms) [Parameters=[@__p_0='?' (DbType = Int32), @__p_1='?' (DbType = Int32)], CommandType='Text', CommandTimeout='30']
SELECT [p0].[Id], [p0].[AppUserId], [p0].[Body], [p0].[CreatedAt], [p0].[PostStatus], [p0].[Title], [a].[Id], [c].[Id], [c].[AppUserId], [c].[PostId], [c].[Text], [c].[Time], [r].[Id], [r].[AppUserId], [r].[PostId], [r].[ReactType], [a].[AccessFailedCount], [a].[ConcurrencyStamp], [a].[Email], [a].[EmailConfirmed], [a].[LockoutEnabled], [a].[LockoutEnd], [a].[Name], [a].[NormalizedEmail], [a].[NormalizedUserName], [a].[PasswordHash], [a].[PhoneNumber], [a].[PhoneNumberConfirmed], [a].[Role], [a].[SecurityStamp], [a].[TwoFactorEnabled], [a].[UserName]
FROM (
    SELECT [p].[Id], [p].[AppUserId], [p].[Body], [p].[CreatedAt], [p].[PostStatus], [p].[Title]
    FROM [Posts] AS [p]
    WHERE [p].[PostStatus] = 10
    ORDER BY [p].[CreatedAt] DESC
    OFFSET @__p_0 ROWS FETCH NEXT @__p_1 ROWS ONLY
) AS [p0]
INNER JOIN [AspNetUsers] AS [a] ON [p0].[AppUserId] = [a].[Id]
LEFT JOIN [Comments] AS [c] ON [p0].[Id] = [c].[PostId]
LEFT JOIN [Reactions] AS [r] ON [p0].[Id] = [r].[PostId]
ORDER BY [p0].[CreatedAt] DESC, [p0].[Id], [a].[Id], [c].[Id]]
[INFO] - [10] - [?] - [Executed DbCommand (1ms) [Parameters=[], CommandType='Text', CommandTimeout='30']
SELECT COUNT(*)
FROM [Posts] AS [p]]
[INFO] - [10] - [SimpleBlog.Presentation.Areas.User.Controllers.HomeController.Index(C:\Users\OPL-PC\Desktop\SimpleBlog\SimpleBlog\SimpleBlog.Presentation\Areas\User\Controllers\HomeController.cs:39)] - [Page Load]
[INFO] - [1] - [?] - [Executed DbCommand (10ms) [Parameters=[], CommandType='Text', CommandTimeout='30']
SELECT 1]
[INFO] - [1] - [?] - [Executed DbCommand (7ms) [Parameters=[], CommandType='Text', CommandTimeout='30']
SELECT OBJECT_ID(N'[__EFMigrationsHistory]');]
[INFO] - [1] - [?] - [Executed DbCommand (5ms) [Parameters=[], CommandType='Text', CommandTimeout='30']
SELECT [MigrationId], [ProductVersion]
FROM [__EFMigrationsHistory]
ORDER BY [MigrationId];]
[INFO] - [5] - [?] - [Executed DbCommand (21ms) [Parameters=[@__normalizedName_0='?' (Size = 256)], CommandType='Text', CommandTimeout='30']
SELECT TOP(1) [a].[Id], [a].[ConcurrencyStamp], [a].[Name], [a].[NormalizedName]
FROM [AspNetRoles] AS [a]
WHERE [a].[NormalizedName] = @__normalizedName_0]
[INFO] - [1] - [?] - [Now listening on: https://localhost:7266]
[INFO] - [1] - [?] - [Now listening on: http://localhost:5272]
[INFO] - [1] - [Microsoft.Extensions.Hosting.Internal.ConsoleLifetime.OnApplicationStarted(:0)] - [Application started. Press Ctrl+C to shut down.]
[INFO] - [1] - [Microsoft.Extensions.Hosting.Internal.ConsoleLifetime.OnApplicationStarted(:0)] - [Hosting environment: Development]
[INFO] - [1] - [System.Threading.CancellationTokenSource.Invoke(:0)] - [Content root path: C:\Users\OPL-PC\Desktop\SimpleBlog\SimpleBlog\SimpleBlog.Presentation]
[WARN] - [10] - [?] - [Compiling a query which loads related collections for more than one collection navigation, either via 'Include' or through projection, but no 'QuerySplittingBehavior' has been configured. By default, Entity Framework will use 'QuerySplittingBehavior.SingleQuery', which can potentially result in slow query performance. See https://go.microsoft.com/fwlink/?linkid=2134277 for more information. To identify the query that's triggering this warning call 'ConfigureWarnings(w => w.Throw(RelationalEventId.MultipleCollectionIncludeWarning))'.]
[INFO] - [10] - [?] - [Executed DbCommand (8ms) [Parameters=[@__p_0='?' (DbType = Int32), @__p_1='?' (DbType = Int32)], CommandType='Text', CommandTimeout='30']
SELECT [p0].[Id], [p0].[AppUserId], [p0].[Body], [p0].[CreatedAt], [p0].[PostStatus], [p0].[Title], [a].[Id], [c].[Id], [c].[AppUserId], [c].[PostId], [c].[Text], [c].[Time], [r].[Id], [r].[AppUserId], [r].[PostId], [r].[ReactType], [a].[AccessFailedCount], [a].[ConcurrencyStamp], [a].[Email], [a].[EmailConfirmed], [a].[LockoutEnabled], [a].[LockoutEnd], [a].[Name], [a].[NormalizedEmail], [a].[NormalizedUserName], [a].[PasswordHash], [a].[PhoneNumber], [a].[PhoneNumberConfirmed], [a].[Role], [a].[SecurityStamp], [a].[TwoFactorEnabled], [a].[UserName]
FROM (
    SELECT [p].[Id], [p].[AppUserId], [p].[Body], [p].[CreatedAt], [p].[PostStatus], [p].[Title]
    FROM [Posts] AS [p]
    WHERE [p].[PostStatus] = 10
    ORDER BY [p].[CreatedAt] DESC
    OFFSET @__p_0 ROWS FETCH NEXT @__p_1 ROWS ONLY
) AS [p0]
INNER JOIN [AspNetUsers] AS [a] ON [p0].[AppUserId] = [a].[Id]
LEFT JOIN [Comments] AS [c] ON [p0].[Id] = [c].[PostId]
LEFT JOIN [Reactions] AS [r] ON [p0].[Id] = [r].[PostId]
ORDER BY [p0].[CreatedAt] DESC, [p0].[Id], [a].[Id], [c].[Id]]
[INFO] - [10] - [?] - [Executed DbCommand (1ms) [Parameters=[], CommandType='Text', CommandTimeout='30']
SELECT COUNT(*)
FROM [Posts] AS [p]]
[INFO] - [10] - [SimpleBlog.Presentation.Areas.User.Controllers.HomeController.Index(C:\Users\OPL-PC\Desktop\SimpleBlog\SimpleBlog\SimpleBlog.Presentation\Areas\User\Controllers\HomeController.cs:39)] - [Page Load]
[INFO] - [1] - [?] - [Executed DbCommand (9ms) [Parameters=[], CommandType='Text', CommandTimeout='30']
SELECT 1]
[INFO] - [1] - [?] - [Executed DbCommand (7ms) [Parameters=[], CommandType='Text', CommandTimeout='30']
SELECT OBJECT_ID(N'[__EFMigrationsHistory]');]
[INFO] - [1] - [?] - [Executed DbCommand (5ms) [Parameters=[], CommandType='Text', CommandTimeout='30']
SELECT [MigrationId], [ProductVersion]
FROM [__EFMigrationsHistory]
ORDER BY [MigrationId];]
[INFO] - [10] - [?] - [Executed DbCommand (21ms) [Parameters=[@__normalizedName_0='?' (Size = 256)], CommandType='Text', CommandTimeout='30']
SELECT TOP(1) [a].[Id], [a].[ConcurrencyStamp], [a].[Name], [a].[NormalizedName]
FROM [AspNetRoles] AS [a]
WHERE [a].[NormalizedName] = @__normalizedName_0]
[INFO] - [1] - [?] - [Now listening on: https://localhost:7266]
[INFO] - [1] - [?] - [Now listening on: http://localhost:5272]
[INFO] - [1] - [Microsoft.Extensions.Hosting.Internal.ConsoleLifetime.OnApplicationStarted(:0)] - [Application started. Press Ctrl+C to shut down.]
[INFO] - [1] - [Microsoft.Extensions.Hosting.Internal.ConsoleLifetime.OnApplicationStarted(:0)] - [Hosting environment: Development]
[INFO] - [1] - [System.Threading.CancellationTokenSource.Invoke(:0)] - [Content root path: C:\Users\OPL-PC\Desktop\SimpleBlog\SimpleBlog\SimpleBlog.Presentation]
[WARN] - [9] - [?] - [Compiling a query which loads related collections for more than one collection navigation, either via 'Include' or through projection, but no 'QuerySplittingBehavior' has been configured. By default, Entity Framework will use 'QuerySplittingBehavior.SingleQuery', which can potentially result in slow query performance. See https://go.microsoft.com/fwlink/?linkid=2134277 for more information. To identify the query that's triggering this warning call 'ConfigureWarnings(w => w.Throw(RelationalEventId.MultipleCollectionIncludeWarning))'.]
[INFO] - [9] - [?] - [Executed DbCommand (9ms) [Parameters=[@__p_0='?' (DbType = Int32), @__p_1='?' (DbType = Int32)], CommandType='Text', CommandTimeout='30']
SELECT [p0].[Id], [p0].[AppUserId], [p0].[Body], [p0].[CreatedAt], [p0].[PostStatus], [p0].[Title], [a].[Id], [c].[Id], [c].[AppUserId], [c].[PostId], [c].[Text], [c].[Time], [r].[Id], [r].[AppUserId], [r].[PostId], [r].[ReactType], [a].[AccessFailedCount], [a].[ConcurrencyStamp], [a].[Email], [a].[EmailConfirmed], [a].[LockoutEnabled], [a].[LockoutEnd], [a].[Name], [a].[NormalizedEmail], [a].[NormalizedUserName], [a].[PasswordHash], [a].[PhoneNumber], [a].[PhoneNumberConfirmed], [a].[Role], [a].[SecurityStamp], [a].[TwoFactorEnabled], [a].[UserName]
FROM (
    SELECT [p].[Id], [p].[AppUserId], [p].[Body], [p].[CreatedAt], [p].[PostStatus], [p].[Title]
    FROM [Posts] AS [p]
    WHERE [p].[PostStatus] = 10
    ORDER BY [p].[CreatedAt] DESC
    OFFSET @__p_0 ROWS FETCH NEXT @__p_1 ROWS ONLY
) AS [p0]
INNER JOIN [AspNetUsers] AS [a] ON [p0].[AppUserId] = [a].[Id]
LEFT JOIN [Comments] AS [c] ON [p0].[Id] = [c].[PostId]
LEFT JOIN [Reactions] AS [r] ON [p0].[Id] = [r].[PostId]
ORDER BY [p0].[CreatedAt] DESC, [p0].[Id], [a].[Id], [c].[Id]]
[INFO] - [9] - [?] - [Executed DbCommand (1ms) [Parameters=[], CommandType='Text', CommandTimeout='30']
SELECT COUNT(*)
FROM [Posts] AS [p]]
[INFO] - [9] - [SimpleBlog.Presentation.Areas.User.Controllers.HomeController.Index(C:\Users\OPL-PC\Desktop\SimpleBlog\SimpleBlog\SimpleBlog.Presentation\Areas\User\Controllers\HomeController.cs:39)] - [Page Load]
[WARN] - [9] - [?] - [Compiling a query which loads related collections for more than one collection navigation, either via 'Include' or through projection, but no 'QuerySplittingBehavior' has been configured. By default, Entity Framework will use 'QuerySplittingBehavior.SingleQuery', which can potentially result in slow query performance. See https://go.microsoft.com/fwlink/?linkid=2134277 for more information. To identify the query that's triggering this warning call 'ConfigureWarnings(w => w.Throw(RelationalEventId.MultipleCollectionIncludeWarning))'.]
[INFO] - [9] - [?] - [Executed DbCommand (5ms) [Parameters=[@__id_0='?' (DbType = Int32)], CommandType='Text', CommandTimeout='30']
SELECT [s].[Id], [s].[AppUserId], [s].[Body], [s].[CreatedAt], [s].[PostStatus], [s].[Title], [s].[Id0], [r].[Id], [r].[AppUserId], [r].[PostId], [r].[ReactType], [s].[AccessFailedCount], [s].[ConcurrencyStamp], [s].[Email], [s].[EmailConfirmed], [s].[LockoutEnabled], [s].[LockoutEnd], [s].[Name], [s].[NormalizedEmail], [s].[NormalizedUserName], [s].[PasswordHash], [s].[PhoneNumber], [s].[PhoneNumberConfirmed], [s].[Role], [s].[SecurityStamp], [s].[TwoFactorEnabled], [s].[UserName], [s0].[Id], [s0].[AppUserId], [s0].[PostId], [s0].[Text], [s0].[Time], [s0].[Id0], [s0].[AccessFailedCount], [s0].[ConcurrencyStamp], [s0].[Email], [s0].[EmailConfirmed], [s0].[LockoutEnabled], [s0].[LockoutEnd], [s0].[Name], [s0].[NormalizedEmail], [s0].[NormalizedUserName], [s0].[PasswordHash], [s0].[PhoneNumber], [s0].[PhoneNumberConfirmed], [s0].[Role], [s0].[SecurityStamp], [s0].[TwoFactorEnabled], [s0].[UserName]
FROM (
    SELECT TOP(1) [p].[Id], [p].[AppUserId], [p].[Body], [p].[CreatedAt], [p].[PostStatus], [p].[Title], [a].[Id] AS [Id0], [a].[AccessFailedCount], [a].[ConcurrencyStamp], [a].[Email], [a].[EmailConfirmed], [a].[LockoutEnabled], [a].[LockoutEnd], [a].[Name], [a].[NormalizedEmail], [a].[NormalizedUserName], [a].[PasswordHash], [a].[PhoneNumber], [a].[PhoneNumberConfirmed], [a].[Role], [a].[SecurityStamp], [a].[TwoFactorEnabled], [a].[UserName]
    FROM [Posts] AS [p]
    INNER JOIN [AspNetUsers] AS [a] ON [p].[AppUserId] = [a].[Id]
    WHERE [p].[Id] = @__id_0
) AS [s]
LEFT JOIN [Reactions] AS [r] ON [s].[Id] = [r].[PostId]
LEFT JOIN (
    SELECT [c].[Id], [c].[AppUserId], [c].[PostId], [c].[Text], [c].[Time], [a0].[Id] AS [Id0], [a0].[AccessFailedCount], [a0].[ConcurrencyStamp], [a0].[Email], [a0].[EmailConfirmed], [a0].[LockoutEnabled], [a0].[LockoutEnd], [a0].[Name], [a0].[NormalizedEmail], [a0].[NormalizedUserName], [a0].[PasswordHash], [a0].[PhoneNumber], [a0].[PhoneNumberConfirmed], [a0].[Role], [a0].[SecurityStamp], [a0].[TwoFactorEnabled], [a0].[UserName]
    FROM [Comments] AS [c]
    INNER JOIN [AspNetUsers] AS [a0] ON [c].[AppUserId] = [a0].[Id]
) AS [s0] ON [s].[Id] = [s0].[PostId]
ORDER BY [s].[Id], [s].[Id0], [r].[Id], [s0].[Id]]
[INFO] - [16] - [?] - [Executed DbCommand (1ms) [Parameters=[@__p_0='?' (DbType = Int32), @__p_1='?' (DbType = Int32)], CommandType='Text', CommandTimeout='30']
SELECT [p0].[Id], [p0].[AppUserId], [p0].[Body], [p0].[CreatedAt], [p0].[PostStatus], [p0].[Title], [a].[Id], [c].[Id], [c].[AppUserId], [c].[PostId], [c].[Text], [c].[Time], [r].[Id], [r].[AppUserId], [r].[PostId], [r].[ReactType], [a].[AccessFailedCount], [a].[ConcurrencyStamp], [a].[Email], [a].[EmailConfirmed], [a].[LockoutEnabled], [a].[LockoutEnd], [a].[Name], [a].[NormalizedEmail], [a].[NormalizedUserName], [a].[PasswordHash], [a].[PhoneNumber], [a].[PhoneNumberConfirmed], [a].[Role], [a].[SecurityStamp], [a].[TwoFactorEnabled], [a].[UserName]
FROM (
    SELECT [p].[Id], [p].[AppUserId], [p].[Body], [p].[CreatedAt], [p].[PostStatus], [p].[Title]
    FROM [Posts] AS [p]
    WHERE [p].[PostStatus] = 10
    ORDER BY [p].[CreatedAt] DESC
    OFFSET @__p_0 ROWS FETCH NEXT @__p_1 ROWS ONLY
) AS [p0]
INNER JOIN [AspNetUsers] AS [a] ON [p0].[AppUserId] = [a].[Id]
LEFT JOIN [Comments] AS [c] ON [p0].[Id] = [c].[PostId]
LEFT JOIN [Reactions] AS [r] ON [p0].[Id] = [r].[PostId]
ORDER BY [p0].[CreatedAt] DESC, [p0].[Id], [a].[Id], [c].[Id]]
[INFO] - [16] - [?] - [Executed DbCommand (0ms) [Parameters=[], CommandType='Text', CommandTimeout='30']
SELECT COUNT(*)
FROM [Posts] AS [p]]
[INFO] - [16] - [SimpleBlog.Presentation.Areas.User.Controllers.HomeController.Index(C:\Users\OPL-PC\Desktop\SimpleBlog\SimpleBlog\SimpleBlog.Presentation\Areas\User\Controllers\HomeController.cs:39)] - [Page Load]
[INFO] - [24] - [?] - [Executed DbCommand (2ms) [Parameters=[@__normalizedUserName_0='?' (Size = 256)], CommandType='Text', CommandTimeout='30']
SELECT TOP(1) [a].[Id], [a].[AccessFailedCount], [a].[ConcurrencyStamp], [a].[Email], [a].[EmailConfirmed], [a].[LockoutEnabled], [a].[LockoutEnd], [a].[Name], [a].[NormalizedEmail], [a].[NormalizedUserName], [a].[PasswordHash], [a].[PhoneNumber], [a].[PhoneNumberConfirmed], [a].[Role], [a].[SecurityStamp], [a].[TwoFactorEnabled], [a].[UserName]
FROM [AspNetUsers] AS [a]
WHERE [a].[NormalizedUserName] = @__normalizedUserName_0]
[INFO] - [15] - [?] - [Executed DbCommand (1ms) [Parameters=[@__user_Id_0='?' (DbType = Int32)], CommandType='Text', CommandTimeout='30']
SELECT [a].[Id], [a].[ClaimType], [a].[ClaimValue], [a].[UserId]
FROM [AspNetUserClaims] AS [a]
WHERE [a].[UserId] = @__user_Id_0]
[INFO] - [24] - [?] - [Executed DbCommand (2ms) [Parameters=[@__userId_0='?' (DbType = Int32)], CommandType='Text', CommandTimeout='30']
SELECT [a0].[Name]
FROM [AspNetUserRoles] AS [a]
INNER JOIN [AspNetRoles] AS [a0] ON [a].[RoleId] = [a0].[Id]
WHERE [a].[UserId] = @__userId_0]
[INFO] - [15] - [?] - [Executed DbCommand (0ms) [Parameters=[@__normalizedName_0='?' (Size = 256)], CommandType='Text', CommandTimeout='30']
SELECT TOP(1) [a].[Id], [a].[ConcurrencyStamp], [a].[Name], [a].[NormalizedName]
FROM [AspNetRoles] AS [a]
WHERE [a].[NormalizedName] = @__normalizedName_0]
[INFO] - [24] - [?] - [Executed DbCommand (1ms) [Parameters=[@__role_Id_0='?' (DbType = Int32)], CommandType='Text', CommandTimeout='30']
SELECT [a].[ClaimType], [a].[ClaimValue]
FROM [AspNetRoleClaims] AS [a]
WHERE [a].[RoleId] = @__role_Id_0]
[INFO] - [15] - [?] - [Executed DbCommand (1ms) [Parameters=[@__p_0='?' (DbType = Int32), @__p_1='?' (DbType = Int32)], CommandType='Text', CommandTimeout='30']
SELECT [p0].[Id], [p0].[AppUserId], [p0].[Body], [p0].[CreatedAt], [p0].[PostStatus], [p0].[Title], [a].[Id], [c].[Id], [c].[AppUserId], [c].[PostId], [c].[Text], [c].[Time], [r].[Id], [r].[AppUserId], [r].[PostId], [r].[ReactType], [a].[AccessFailedCount], [a].[ConcurrencyStamp], [a].[Email], [a].[EmailConfirmed], [a].[LockoutEnabled], [a].[LockoutEnd], [a].[Name], [a].[NormalizedEmail], [a].[NormalizedUserName], [a].[PasswordHash], [a].[PhoneNumber], [a].[PhoneNumberConfirmed], [a].[Role], [a].[SecurityStamp], [a].[TwoFactorEnabled], [a].[UserName]
FROM (
    SELECT [p].[Id], [p].[AppUserId], [p].[Body], [p].[CreatedAt], [p].[PostStatus], [p].[Title]
    FROM [Posts] AS [p]
    WHERE [p].[PostStatus] = 10
    ORDER BY [p].[CreatedAt] DESC
    OFFSET @__p_0 ROWS FETCH NEXT @__p_1 ROWS ONLY
) AS [p0]
INNER JOIN [AspNetUsers] AS [a] ON [p0].[AppUserId] = [a].[Id]
LEFT JOIN [Comments] AS [c] ON [p0].[Id] = [c].[PostId]
LEFT JOIN [Reactions] AS [r] ON [p0].[Id] = [r].[PostId]
ORDER BY [p0].[CreatedAt] DESC, [p0].[Id], [a].[Id], [c].[Id]]
[INFO] - [15] - [?] - [Executed DbCommand (0ms) [Parameters=[], CommandType='Text', CommandTimeout='30']
SELECT COUNT(*)
FROM [Posts] AS [p]]
[INFO] - [15] - [SimpleBlog.Presentation.Areas.User.Controllers.HomeController.Index(C:\Users\OPL-PC\Desktop\SimpleBlog\SimpleBlog\SimpleBlog.Presentation\Areas\User\Controllers\HomeController.cs:39)] - [Page Load]
[INFO] - [26] - [?] - [Executed DbCommand (1ms) [Parameters=[@__p_0='?' (DbType = Int32)], CommandType='Text', CommandTimeout='30']
SELECT TOP(1) [a].[Id], [a].[AccessFailedCount], [a].[ConcurrencyStamp], [a].[Email], [a].[EmailConfirmed], [a].[LockoutEnabled], [a].[LockoutEnd], [a].[Name], [a].[NormalizedEmail], [a].[NormalizedUserName], [a].[PasswordHash], [a].[PhoneNumber], [a].[PhoneNumberConfirmed], [a].[Role], [a].[SecurityStamp], [a].[TwoFactorEnabled], [a].[UserName]
FROM [AspNetUsers] AS [a]
WHERE [a].[Id] = @__p_0]
[INFO] - [24] - [?] - [Executed DbCommand (2ms) [Parameters=[@__postId_0='?' (DbType = Int32), @__userId_1='?' (DbType = Int32)], CommandType='Text', CommandTimeout='30']
SELECT TOP(1) [r].[Id], [r].[AppUserId], [r].[PostId], [r].[ReactType]
FROM [Reactions] AS [r]
WHERE [r].[PostId] = @__postId_0 AND [r].[AppUserId] = @__userId_1]
[INFO] - [24] - [?] - [Executed DbCommand (2ms) [Parameters=[@p3='?' (DbType = Int32), @p0='?' (DbType = Int32), @p1='?' (DbType = Int32), @p2='?' (DbType = Int32)], CommandType='Text', CommandTimeout='30']
SET IMPLICIT_TRANSACTIONS OFF;
SET NOCOUNT ON;
UPDATE [Reactions] SET [AppUserId] = @p0, [PostId] = @p1, [ReactType] = @p2
OUTPUT 1
WHERE [Id] = @p3;]
[INFO] - [10] - [?] - [Executed DbCommand (1ms) [Parameters=[@__p_0='?' (DbType = Int32), @__p_1='?' (DbType = Int32)], CommandType='Text', CommandTimeout='30']
SELECT [p0].[Id], [p0].[AppUserId], [p0].[Body], [p0].[CreatedAt], [p0].[PostStatus], [p0].[Title], [a].[Id], [c].[Id], [c].[AppUserId], [c].[PostId], [c].[Text], [c].[Time], [r].[Id], [r].[AppUserId], [r].[PostId], [r].[ReactType], [a].[AccessFailedCount], [a].[ConcurrencyStamp], [a].[Email], [a].[EmailConfirmed], [a].[LockoutEnabled], [a].[LockoutEnd], [a].[Name], [a].[NormalizedEmail], [a].[NormalizedUserName], [a].[PasswordHash], [a].[PhoneNumber], [a].[PhoneNumberConfirmed], [a].[Role], [a].[SecurityStamp], [a].[TwoFactorEnabled], [a].[UserName]
FROM (
    SELECT [p].[Id], [p].[AppUserId], [p].[Body], [p].[CreatedAt], [p].[PostStatus], [p].[Title]
    FROM [Posts] AS [p]
    WHERE [p].[PostStatus] = 10
    ORDER BY [p].[CreatedAt] DESC
    OFFSET @__p_0 ROWS FETCH NEXT @__p_1 ROWS ONLY
) AS [p0]
INNER JOIN [AspNetUsers] AS [a] ON [p0].[AppUserId] = [a].[Id]
LEFT JOIN [Comments] AS [c] ON [p0].[Id] = [c].[PostId]
LEFT JOIN [Reactions] AS [r] ON [p0].[Id] = [r].[PostId]
ORDER BY [p0].[CreatedAt] DESC, [p0].[Id], [a].[Id], [c].[Id]]
[INFO] - [10] - [?] - [Executed DbCommand (0ms) [Parameters=[], CommandType='Text', CommandTimeout='30']
SELECT COUNT(*)
FROM [Posts] AS [p]]
[INFO] - [10] - [SimpleBlog.Presentation.Areas.User.Controllers.HomeController.Index(C:\Users\OPL-PC\Desktop\SimpleBlog\SimpleBlog\SimpleBlog.Presentation\Areas\User\Controllers\HomeController.cs:39)] - [Page Load]
[INFO] - [26] - [?] - [Executed DbCommand (0ms) [Parameters=[@__p_0='?' (DbType = Int32)], CommandType='Text', CommandTimeout='30']
SELECT TOP(1) [a].[Id], [a].[AccessFailedCount], [a].[ConcurrencyStamp], [a].[Email], [a].[EmailConfirmed], [a].[LockoutEnabled], [a].[LockoutEnd], [a].[Name], [a].[NormalizedEmail], [a].[NormalizedUserName], [a].[PasswordHash], [a].[PhoneNumber], [a].[PhoneNumberConfirmed], [a].[Role], [a].[SecurityStamp], [a].[TwoFactorEnabled], [a].[UserName]
FROM [AspNetUsers] AS [a]
WHERE [a].[Id] = @__p_0]
[INFO] - [29] - [?] - [Executed DbCommand (0ms) [Parameters=[@__postId_0='?' (DbType = Int32), @__userId_1='?' (DbType = Int32)], CommandType='Text', CommandTimeout='30']
SELECT TOP(1) [r].[Id], [r].[AppUserId], [r].[PostId], [r].[ReactType]
FROM [Reactions] AS [r]
WHERE [r].[PostId] = @__postId_0 AND [r].[AppUserId] = @__userId_1]
[INFO] - [29] - [?] - [Executed DbCommand (1ms) [Parameters=[@p3='?' (DbType = Int32), @p0='?' (DbType = Int32), @p1='?' (DbType = Int32), @p2='?' (DbType = Int32)], CommandType='Text', CommandTimeout='30']
SET IMPLICIT_TRANSACTIONS OFF;
SET NOCOUNT ON;
UPDATE [Reactions] SET [AppUserId] = @p0, [PostId] = @p1, [ReactType] = @p2
OUTPUT 1
WHERE [Id] = @p3;]
[INFO] - [28] - [?] - [Executed DbCommand (1ms) [Parameters=[@__p_0='?' (DbType = Int32), @__p_1='?' (DbType = Int32)], CommandType='Text', CommandTimeout='30']
SELECT [p0].[Id], [p0].[AppUserId], [p0].[Body], [p0].[CreatedAt], [p0].[PostStatus], [p0].[Title], [a].[Id], [c].[Id], [c].[AppUserId], [c].[PostId], [c].[Text], [c].[Time], [r].[Id], [r].[AppUserId], [r].[PostId], [r].[ReactType], [a].[AccessFailedCount], [a].[ConcurrencyStamp], [a].[Email], [a].[EmailConfirmed], [a].[LockoutEnabled], [a].[LockoutEnd], [a].[Name], [a].[NormalizedEmail], [a].[NormalizedUserName], [a].[PasswordHash], [a].[PhoneNumber], [a].[PhoneNumberConfirmed], [a].[Role], [a].[SecurityStamp], [a].[TwoFactorEnabled], [a].[UserName]
FROM (
    SELECT [p].[Id], [p].[AppUserId], [p].[Body], [p].[CreatedAt], [p].[PostStatus], [p].[Title]
    FROM [Posts] AS [p]
    WHERE [p].[PostStatus] = 10
    ORDER BY [p].[CreatedAt] DESC
    OFFSET @__p_0 ROWS FETCH NEXT @__p_1 ROWS ONLY
) AS [p0]
INNER JOIN [AspNetUsers] AS [a] ON [p0].[AppUserId] = [a].[Id]
LEFT JOIN [Comments] AS [c] ON [p0].[Id] = [c].[PostId]
LEFT JOIN [Reactions] AS [r] ON [p0].[Id] = [r].[PostId]
ORDER BY [p0].[CreatedAt] DESC, [p0].[Id], [a].[Id], [c].[Id]]
[INFO] - [28] - [?] - [Executed DbCommand (0ms) [Parameters=[], CommandType='Text', CommandTimeout='30']
SELECT COUNT(*)
FROM [Posts] AS [p]]
[INFO] - [28] - [SimpleBlog.Presentation.Areas.User.Controllers.HomeController.Index(C:\Users\OPL-PC\Desktop\SimpleBlog\SimpleBlog\SimpleBlog.Presentation\Areas\User\Controllers\HomeController.cs:39)] - [Page Load]
[INFO] - [9] - [?] - [Executed DbCommand (0ms) [Parameters=[@__p_0='?' (DbType = Int32)], CommandType='Text', CommandTimeout='30']
SELECT TOP(1) [a].[Id], [a].[AccessFailedCount], [a].[ConcurrencyStamp], [a].[Email], [a].[EmailConfirmed], [a].[LockoutEnabled], [a].[LockoutEnd], [a].[Name], [a].[NormalizedEmail], [a].[NormalizedUserName], [a].[PasswordHash], [a].[PhoneNumber], [a].[PhoneNumberConfirmed], [a].[Role], [a].[SecurityStamp], [a].[TwoFactorEnabled], [a].[UserName]
FROM [AspNetUsers] AS [a]
WHERE [a].[Id] = @__p_0]
[INFO] - [26] - [?] - [Executed DbCommand (1ms) [Parameters=[@__postId_0='?' (DbType = Int32), @__userId_1='?' (DbType = Int32)], CommandType='Text', CommandTimeout='30']
SELECT TOP(1) [r].[Id], [r].[AppUserId], [r].[PostId], [r].[ReactType]
FROM [Reactions] AS [r]
WHERE [r].[PostId] = @__postId_0 AND [r].[AppUserId] = @__userId_1]
[INFO] - [26] - [?] - [Executed DbCommand (0ms) [Parameters=[@__postId_0='?' (DbType = Int32), @__userId_1='?' (DbType = Int32)], CommandType='Text', CommandTimeout='30']
SELECT TOP(1) [r].[Id], [r].[AppUserId], [r].[PostId], [r].[ReactType]
FROM [Reactions] AS [r]
WHERE [r].[PostId] = @__postId_0 AND [r].[AppUserId] = @__userId_1]
[INFO] - [26] - [?] - [Executed DbCommand (2ms) [Parameters=[@p0='?' (DbType = Int32)], CommandType='Text', CommandTimeout='30']
SET IMPLICIT_TRANSACTIONS OFF;
SET NOCOUNT ON;
DELETE FROM [Reactions]
OUTPUT 1
WHERE [Id] = @p0;]
[INFO] - [26] - [?] - [Executed DbCommand (1ms) [Parameters=[@__p_0='?' (DbType = Int32), @__p_1='?' (DbType = Int32)], CommandType='Text', CommandTimeout='30']
SELECT [p0].[Id], [p0].[AppUserId], [p0].[Body], [p0].[CreatedAt], [p0].[PostStatus], [p0].[Title], [a].[Id], [c].[Id], [c].[AppUserId], [c].[PostId], [c].[Text], [c].[Time], [r].[Id], [r].[AppUserId], [r].[PostId], [r].[ReactType], [a].[AccessFailedCount], [a].[ConcurrencyStamp], [a].[Email], [a].[EmailConfirmed], [a].[LockoutEnabled], [a].[LockoutEnd], [a].[Name], [a].[NormalizedEmail], [a].[NormalizedUserName], [a].[PasswordHash], [a].[PhoneNumber], [a].[PhoneNumberConfirmed], [a].[Role], [a].[SecurityStamp], [a].[TwoFactorEnabled], [a].[UserName]
FROM (
    SELECT [p].[Id], [p].[AppUserId], [p].[Body], [p].[CreatedAt], [p].[PostStatus], [p].[Title]
    FROM [Posts] AS [p]
    WHERE [p].[PostStatus] = 10
    ORDER BY [p].[CreatedAt] DESC
    OFFSET @__p_0 ROWS FETCH NEXT @__p_1 ROWS ONLY
) AS [p0]
INNER JOIN [AspNetUsers] AS [a] ON [p0].[AppUserId] = [a].[Id]
LEFT JOIN [Comments] AS [c] ON [p0].[Id] = [c].[PostId]
LEFT JOIN [Reactions] AS [r] ON [p0].[Id] = [r].[PostId]
ORDER BY [p0].[CreatedAt] DESC, [p0].[Id], [a].[Id], [c].[Id]]
[INFO] - [26] - [?] - [Executed DbCommand (0ms) [Parameters=[], CommandType='Text', CommandTimeout='30']
SELECT COUNT(*)
FROM [Posts] AS [p]]
[INFO] - [26] - [SimpleBlog.Presentation.Areas.User.Controllers.HomeController.Index(C:\Users\OPL-PC\Desktop\SimpleBlog\SimpleBlog\SimpleBlog.Presentation\Areas\User\Controllers\HomeController.cs:39)] - [Page Load]
[INFO] - [27] - [?] - [Executed DbCommand (0ms) [Parameters=[@__id_0='?' (DbType = Int32)], CommandType='Text', CommandTimeout='30']
SELECT [s].[Id], [s].[AppUserId], [s].[Body], [s].[CreatedAt], [s].[PostStatus], [s].[Title], [s].[Id0], [r].[Id], [r].[AppUserId], [r].[PostId], [r].[ReactType], [s].[AccessFailedCount], [s].[ConcurrencyStamp], [s].[Email], [s].[EmailConfirmed], [s].[LockoutEnabled], [s].[LockoutEnd], [s].[Name], [s].[NormalizedEmail], [s].[NormalizedUserName], [s].[PasswordHash], [s].[PhoneNumber], [s].[PhoneNumberConfirmed], [s].[Role], [s].[SecurityStamp], [s].[TwoFactorEnabled], [s].[UserName], [s0].[Id], [s0].[AppUserId], [s0].[PostId], [s0].[Text], [s0].[Time], [s0].[Id0], [s0].[AccessFailedCount], [s0].[ConcurrencyStamp], [s0].[Email], [s0].[EmailConfirmed], [s0].[LockoutEnabled], [s0].[LockoutEnd], [s0].[Name], [s0].[NormalizedEmail], [s0].[NormalizedUserName], [s0].[PasswordHash], [s0].[PhoneNumber], [s0].[PhoneNumberConfirmed], [s0].[Role], [s0].[SecurityStamp], [s0].[TwoFactorEnabled], [s0].[UserName]
FROM (
    SELECT TOP(1) [p].[Id], [p].[AppUserId], [p].[Body], [p].[CreatedAt], [p].[PostStatus], [p].[Title], [a].[Id] AS [Id0], [a].[AccessFailedCount], [a].[ConcurrencyStamp], [a].[Email], [a].[EmailConfirmed], [a].[LockoutEnabled], [a].[LockoutEnd], [a].[Name], [a].[NormalizedEmail], [a].[NormalizedUserName], [a].[PasswordHash], [a].[PhoneNumber], [a].[PhoneNumberConfirmed], [a].[Role], [a].[SecurityStamp], [a].[TwoFactorEnabled], [a].[UserName]
    FROM [Posts] AS [p]
    INNER JOIN [AspNetUsers] AS [a] ON [p].[AppUserId] = [a].[Id]
    WHERE [p].[Id] = @__id_0
) AS [s]
LEFT JOIN [Reactions] AS [r] ON [s].[Id] = [r].[PostId]
LEFT JOIN (
    SELECT [c].[Id], [c].[AppUserId], [c].[PostId], [c].[Text], [c].[Time], [a0].[Id] AS [Id0], [a0].[AccessFailedCount], [a0].[ConcurrencyStamp], [a0].[Email], [a0].[EmailConfirmed], [a0].[LockoutEnabled], [a0].[LockoutEnd], [a0].[Name], [a0].[NormalizedEmail], [a0].[NormalizedUserName], [a0].[PasswordHash], [a0].[PhoneNumber], [a0].[PhoneNumberConfirmed], [a0].[Role], [a0].[SecurityStamp], [a0].[TwoFactorEnabled], [a0].[UserName]
    FROM [Comments] AS [c]
    INNER JOIN [AspNetUsers] AS [a0] ON [c].[AppUserId] = [a0].[Id]
) AS [s0] ON [s].[Id] = [s0].[PostId]
ORDER BY [s].[Id], [s].[Id0], [r].[Id], [s0].[Id]]
[INFO] - [27] - [?] - [Executed DbCommand (1ms) [Parameters=[@__p_0='?' (DbType = Int32), @__p_1='?' (DbType = Int32)], CommandType='Text', CommandTimeout='30']
SELECT [p0].[Id], [p0].[AppUserId], [p0].[Body], [p0].[CreatedAt], [p0].[PostStatus], [p0].[Title], [a].[Id], [c].[Id], [c].[AppUserId], [c].[PostId], [c].[Text], [c].[Time], [r].[Id], [r].[AppUserId], [r].[PostId], [r].[ReactType], [a].[AccessFailedCount], [a].[ConcurrencyStamp], [a].[Email], [a].[EmailConfirmed], [a].[LockoutEnabled], [a].[LockoutEnd], [a].[Name], [a].[NormalizedEmail], [a].[NormalizedUserName], [a].[PasswordHash], [a].[PhoneNumber], [a].[PhoneNumberConfirmed], [a].[Role], [a].[SecurityStamp], [a].[TwoFactorEnabled], [a].[UserName]
FROM (
    SELECT [p].[Id], [p].[AppUserId], [p].[Body], [p].[CreatedAt], [p].[PostStatus], [p].[Title]
    FROM [Posts] AS [p]
    WHERE [p].[PostStatus] = 10
    ORDER BY [p].[CreatedAt] DESC
    OFFSET @__p_0 ROWS FETCH NEXT @__p_1 ROWS ONLY
) AS [p0]
INNER JOIN [AspNetUsers] AS [a] ON [p0].[AppUserId] = [a].[Id]
LEFT JOIN [Comments] AS [c] ON [p0].[Id] = [c].[PostId]
LEFT JOIN [Reactions] AS [r] ON [p0].[Id] = [r].[PostId]
ORDER BY [p0].[CreatedAt] DESC, [p0].[Id], [a].[Id], [c].[Id]]
[INFO] - [27] - [?] - [Executed DbCommand (0ms) [Parameters=[], CommandType='Text', CommandTimeout='30']
SELECT COUNT(*)
FROM [Posts] AS [p]]
[INFO] - [27] - [SimpleBlog.Presentation.Areas.User.Controllers.HomeController.Index(C:\Users\OPL-PC\Desktop\SimpleBlog\SimpleBlog\SimpleBlog.Presentation\Areas\User\Controllers\HomeController.cs:39)] - [Page Load]
[INFO] - [9] - [?] - [Executed DbCommand (0ms) [Parameters=[@__p_0='?' (DbType = Int32)], CommandType='Text', CommandTimeout='30']
SELECT TOP(1) [a].[Id], [a].[AccessFailedCount], [a].[ConcurrencyStamp], [a].[Email], [a].[EmailConfirmed], [a].[LockoutEnabled], [a].[LockoutEnd], [a].[Name], [a].[NormalizedEmail], [a].[NormalizedUserName], [a].[PasswordHash], [a].[PhoneNumber], [a].[PhoneNumberConfirmed], [a].[Role], [a].[SecurityStamp], [a].[TwoFactorEnabled], [a].[UserName]
FROM [AspNetUsers] AS [a]
WHERE [a].[Id] = @__p_0]
[INFO] - [26] - [?] - [Executed DbCommand (0ms) [Parameters=[@__postId_0='?' (DbType = Int32), @__userId_1='?' (DbType = Int32)], CommandType='Text', CommandTimeout='30']
SELECT TOP(1) [r].[Id], [r].[AppUserId], [r].[PostId], [r].[ReactType]
FROM [Reactions] AS [r]
WHERE [r].[PostId] = @__postId_0 AND [r].[AppUserId] = @__userId_1]
[INFO] - [26] - [?] - [Executed DbCommand (2ms) [Parameters=[@p0='?' (DbType = Int32), @p1='?' (DbType = Int32), @p2='?' (DbType = Int32)], CommandType='Text', CommandTimeout='30']
SET IMPLICIT_TRANSACTIONS OFF;
SET NOCOUNT ON;
INSERT INTO [Reactions] ([AppUserId], [PostId], [ReactType])
OUTPUT INSERTED.[Id]
VALUES (@p0, @p1, @p2);]
[INFO] - [23] - [?] - [Executed DbCommand (0ms) [Parameters=[@__p_0='?' (DbType = Int32), @__p_1='?' (DbType = Int32)], CommandType='Text', CommandTimeout='30']
SELECT [p0].[Id], [p0].[AppUserId], [p0].[Body], [p0].[CreatedAt], [p0].[PostStatus], [p0].[Title], [a].[Id], [c].[Id], [c].[AppUserId], [c].[PostId], [c].[Text], [c].[Time], [r].[Id], [r].[AppUserId], [r].[PostId], [r].[ReactType], [a].[AccessFailedCount], [a].[ConcurrencyStamp], [a].[Email], [a].[EmailConfirmed], [a].[LockoutEnabled], [a].[LockoutEnd], [a].[Name], [a].[NormalizedEmail], [a].[NormalizedUserName], [a].[PasswordHash], [a].[PhoneNumber], [a].[PhoneNumberConfirmed], [a].[Role], [a].[SecurityStamp], [a].[TwoFactorEnabled], [a].[UserName]
FROM (
    SELECT [p].[Id], [p].[AppUserId], [p].[Body], [p].[CreatedAt], [p].[PostStatus], [p].[Title]
    FROM [Posts] AS [p]
    WHERE [p].[PostStatus] = 10
    ORDER BY [p].[CreatedAt] DESC
    OFFSET @__p_0 ROWS FETCH NEXT @__p_1 ROWS ONLY
) AS [p0]
INNER JOIN [AspNetUsers] AS [a] ON [p0].[AppUserId] = [a].[Id]
LEFT JOIN [Comments] AS [c] ON [p0].[Id] = [c].[PostId]
LEFT JOIN [Reactions] AS [r] ON [p0].[Id] = [r].[PostId]
ORDER BY [p0].[CreatedAt] DESC, [p0].[Id], [a].[Id], [c].[Id]]
[INFO] - [23] - [?] - [Executed DbCommand (0ms) [Parameters=[], CommandType='Text', CommandTimeout='30']
SELECT COUNT(*)
FROM [Posts] AS [p]]
[INFO] - [23] - [SimpleBlog.Presentation.Areas.User.Controllers.HomeController.Index(C:\Users\OPL-PC\Desktop\SimpleBlog\SimpleBlog\SimpleBlog.Presentation\Areas\User\Controllers\HomeController.cs:39)] - [Page Load]
[WARN] - [28] - [?] - [Compiling a query which loads related collections for more than one collection navigation, either via 'Include' or through projection, but no 'QuerySplittingBehavior' has been configured. By default, Entity Framework will use 'QuerySplittingBehavior.SingleQuery', which can potentially result in slow query performance. See https://go.microsoft.com/fwlink/?linkid=2134277 for more information. To identify the query that's triggering this warning call 'ConfigureWarnings(w => w.Throw(RelationalEventId.MultipleCollectionIncludeWarning))'.]
[INFO] - [28] - [?] - [Executed DbCommand (8ms) [Parameters=[@__p_0='?' (DbType = Int32)], CommandType='Text', CommandTimeout='30']
SELECT [p0].[Id], [p0].[AppUserId], [p0].[Body], [p0].[CreatedAt], [p0].[PostStatus], [p0].[Title], [a].[Id], [c0].[Id], [c0].[AppUserId], [c0].[PostId], [c0].[Text], [c0].[Time], [r0].[Id], [r0].[AppUserId], [r0].[PostId], [r0].[ReactType], [a].[AccessFailedCount], [a].[ConcurrencyStamp], [a].[Email], [a].[EmailConfirmed], [a].[LockoutEnabled], [a].[LockoutEnd], [a].[Name], [a].[NormalizedEmail], [a].[NormalizedUserName], [a].[PasswordHash], [a].[PhoneNumber], [a].[PhoneNumberConfirmed], [a].[Role], [a].[SecurityStamp], [a].[TwoFactorEnabled], [a].[UserName]
FROM (
    SELECT TOP(@__p_0) [p].[Id], [p].[AppUserId], [p].[Body], [p].[CreatedAt], [p].[PostStatus], [p].[Title], (
        SELECT COUNT(*)
        FROM [Reactions] AS [r]
        WHERE [p].[Id] = [r].[PostId]) + (
        SELECT COUNT(*)
        FROM [Comments] AS [c]
        WHERE [p].[Id] = [c].[PostId]) AS [c]
    FROM [Posts] AS [p]
    ORDER BY (
        SELECT COUNT(*)
        FROM [Reactions] AS [r]
        WHERE [p].[Id] = [r].[PostId]) + (
        SELECT COUNT(*)
        FROM [Comments] AS [c]
        WHERE [p].[Id] = [c].[PostId]) DESC
) AS [p0]
INNER JOIN [AspNetUsers] AS [a] ON [p0].[AppUserId] = [a].[Id]
LEFT JOIN [Comments] AS [c0] ON [p0].[Id] = [c0].[PostId]
LEFT JOIN [Reactions] AS [r0] ON [p0].[Id] = [r0].[PostId]
ORDER BY [p0].[c] DESC, [p0].[Id], [a].[Id], [c0].[Id]]
[INFO] - [24] - [?] - [Executed DbCommand (1ms) [Parameters=[@__p_0='?' (DbType = Int32), @__p_1='?' (DbType = Int32)], CommandType='Text', CommandTimeout='30']
SELECT [p0].[Id], [p0].[AppUserId], [p0].[Body], [p0].[CreatedAt], [p0].[PostStatus], [p0].[Title], [a].[Id], [c].[Id], [c].[AppUserId], [c].[PostId], [c].[Text], [c].[Time], [r].[Id], [r].[AppUserId], [r].[PostId], [r].[ReactType], [a].[AccessFailedCount], [a].[ConcurrencyStamp], [a].[Email], [a].[EmailConfirmed], [a].[LockoutEnabled], [a].[LockoutEnd], [a].[Name], [a].[NormalizedEmail], [a].[NormalizedUserName], [a].[PasswordHash], [a].[PhoneNumber], [a].[PhoneNumberConfirmed], [a].[Role], [a].[SecurityStamp], [a].[TwoFactorEnabled], [a].[UserName]
FROM (
    SELECT [p].[Id], [p].[AppUserId], [p].[Body], [p].[CreatedAt], [p].[PostStatus], [p].[Title]
    FROM [Posts] AS [p]
    WHERE [p].[PostStatus] = 10
    ORDER BY [p].[CreatedAt] DESC
    OFFSET @__p_0 ROWS FETCH NEXT @__p_1 ROWS ONLY
) AS [p0]
INNER JOIN [AspNetUsers] AS [a] ON [p0].[AppUserId] = [a].[Id]
LEFT JOIN [Comments] AS [c] ON [p0].[Id] = [c].[PostId]
LEFT JOIN [Reactions] AS [r] ON [p0].[Id] = [r].[PostId]
ORDER BY [p0].[CreatedAt] DESC, [p0].[Id], [a].[Id], [c].[Id]]
[INFO] - [24] - [?] - [Executed DbCommand (1ms) [Parameters=[], CommandType='Text', CommandTimeout='30']
SELECT COUNT(*)
FROM [Posts] AS [p]]
[INFO] - [24] - [SimpleBlog.Presentation.Areas.User.Controllers.HomeController.Index(C:\Users\OPL-PC\Desktop\SimpleBlog\SimpleBlog\SimpleBlog.Presentation\Areas\User\Controllers\HomeController.cs:39)] - [Page Load]
[WARN] - [29] - [?] - [Compiling a query which loads related collections for more than one collection navigation, either via 'Include' or through projection, but no 'QuerySplittingBehavior' has been configured. By default, Entity Framework will use 'QuerySplittingBehavior.SingleQuery', which can potentially result in slow query performance. See https://go.microsoft.com/fwlink/?linkid=2134277 for more information. To identify the query that's triggering this warning call 'ConfigureWarnings(w => w.Throw(RelationalEventId.MultipleCollectionIncludeWarning))'.]
[INFO] - [29] - [?] - [Executed DbCommand (3ms) [Parameters=[], CommandType='Text', CommandTimeout='30']
SELECT [p].[Id], [p].[AppUserId], [p].[Body], [p].[CreatedAt], [p].[PostStatus], [p].[Title], [a].[Id], [c].[Id], [c].[AppUserId], [c].[PostId], [c].[Text], [c].[Time], [r].[Id], [r].[AppUserId], [r].[PostId], [r].[ReactType], [a].[AccessFailedCount], [a].[ConcurrencyStamp], [a].[Email], [a].[EmailConfirmed], [a].[LockoutEnabled], [a].[LockoutEnd], [a].[Name], [a].[NormalizedEmail], [a].[NormalizedUserName], [a].[PasswordHash], [a].[PhoneNumber], [a].[PhoneNumberConfirmed], [a].[Role], [a].[SecurityStamp], [a].[TwoFactorEnabled], [a].[UserName]
FROM [Posts] AS [p]
INNER JOIN [AspNetUsers] AS [a] ON [p].[AppUserId] = [a].[Id]
LEFT JOIN [Comments] AS [c] ON [p].[Id] = [c].[PostId]
LEFT JOIN [Reactions] AS [r] ON [p].[Id] = [r].[PostId]
WHERE [p].[PostStatus] <> 10
ORDER BY [p].[CreatedAt] DESC, [p].[Id], [a].[Id], [c].[Id]]
[INFO] - [21] - [?] - [Executed DbCommand (0ms) [Parameters=[@__p_0='?' (DbType = Int32)], CommandType='Text', CommandTimeout='30']
SELECT TOP(1) [a].[Id], [a].[AccessFailedCount], [a].[ConcurrencyStamp], [a].[Email], [a].[EmailConfirmed], [a].[LockoutEnabled], [a].[LockoutEnd], [a].[Name], [a].[NormalizedEmail], [a].[NormalizedUserName], [a].[PasswordHash], [a].[PhoneNumber], [a].[PhoneNumberConfirmed], [a].[Role], [a].[SecurityStamp], [a].[TwoFactorEnabled], [a].[UserName]
FROM [AspNetUsers] AS [a]
WHERE [a].[Id] = @__p_0]
[INFO] - [21] - [?] - [Executed DbCommand (1ms) [Parameters=[@__currentUser_Id_0='?' (DbType = Int32)], CommandType='Text', CommandTimeout='30']
SELECT [a].[Id], [a].[AccessFailedCount], [a].[ConcurrencyStamp], [a].[Email], [a].[EmailConfirmed], [a].[LockoutEnabled], [a].[LockoutEnd], [a].[Name], [a].[NormalizedEmail], [a].[NormalizedUserName], [a].[PasswordHash], [a].[PhoneNumber], [a].[PhoneNumberConfirmed], [a].[Role], [a].[SecurityStamp], [a].[TwoFactorEnabled], [a].[UserName]
FROM [AspNetUsers] AS [a]
WHERE [a].[Id] <> @__currentUser_Id_0]
[INFO] - [24] - [?] - [Executed DbCommand (1ms) [Parameters=[@__p_0='?' (DbType = Int32)], CommandType='Text', CommandTimeout='30']
SELECT [p0].[Id], [p0].[AppUserId], [p0].[Body], [p0].[CreatedAt], [p0].[PostStatus], [p0].[Title], [a].[Id], [c0].[Id], [c0].[AppUserId], [c0].[PostId], [c0].[Text], [c0].[Time], [r0].[Id], [r0].[AppUserId], [r0].[PostId], [r0].[ReactType], [a].[AccessFailedCount], [a].[ConcurrencyStamp], [a].[Email], [a].[EmailConfirmed], [a].[LockoutEnabled], [a].[LockoutEnd], [a].[Name], [a].[NormalizedEmail], [a].[NormalizedUserName], [a].[PasswordHash], [a].[PhoneNumber], [a].[PhoneNumberConfirmed], [a].[Role], [a].[SecurityStamp], [a].[TwoFactorEnabled], [a].[UserName]
FROM (
    SELECT TOP(@__p_0) [p].[Id], [p].[AppUserId], [p].[Body], [p].[CreatedAt], [p].[PostStatus], [p].[Title], (
        SELECT COUNT(*)
        FROM [Reactions] AS [r]
        WHERE [p].[Id] = [r].[PostId]) + (
        SELECT COUNT(*)
        FROM [Comments] AS [c]
        WHERE [p].[Id] = [c].[PostId]) AS [c]
    FROM [Posts] AS [p]
    ORDER BY (
        SELECT COUNT(*)
        FROM [Reactions] AS [r]
        WHERE [p].[Id] = [r].[PostId]) + (
        SELECT COUNT(*)
        FROM [Comments] AS [c]
        WHERE [p].[Id] = [c].[PostId]) DESC
) AS [p0]
INNER JOIN [AspNetUsers] AS [a] ON [p0].[AppUserId] = [a].[Id]
LEFT JOIN [Comments] AS [c0] ON [p0].[Id] = [c0].[PostId]
LEFT JOIN [Reactions] AS [r0] ON [p0].[Id] = [r0].[PostId]
ORDER BY [p0].[c] DESC, [p0].[Id], [a].[Id], [c0].[Id]]
[INFO] - [24] - [?] - [Executed DbCommand (0ms) [Parameters=[@__p_0='?' (DbType = Int32), @__p_1='?' (DbType = Int32)], CommandType='Text', CommandTimeout='30']
SELECT [p0].[Id], [p0].[AppUserId], [p0].[Body], [p0].[CreatedAt], [p0].[PostStatus], [p0].[Title], [a].[Id], [c].[Id], [c].[AppUserId], [c].[PostId], [c].[Text], [c].[Time], [r].[Id], [r].[AppUserId], [r].[PostId], [r].[ReactType], [a].[AccessFailedCount], [a].[ConcurrencyStamp], [a].[Email], [a].[EmailConfirmed], [a].[LockoutEnabled], [a].[LockoutEnd], [a].[Name], [a].[NormalizedEmail], [a].[NormalizedUserName], [a].[PasswordHash], [a].[PhoneNumber], [a].[PhoneNumberConfirmed], [a].[Role], [a].[SecurityStamp], [a].[TwoFactorEnabled], [a].[UserName]
FROM (
    SELECT [p].[Id], [p].[AppUserId], [p].[Body], [p].[CreatedAt], [p].[PostStatus], [p].[Title]
    FROM [Posts] AS [p]
    WHERE [p].[PostStatus] = 10
    ORDER BY [p].[CreatedAt] DESC
    OFFSET @__p_0 ROWS FETCH NEXT @__p_1 ROWS ONLY
) AS [p0]
INNER JOIN [AspNetUsers] AS [a] ON [p0].[AppUserId] = [a].[Id]
LEFT JOIN [Comments] AS [c] ON [p0].[Id] = [c].[PostId]
LEFT JOIN [Reactions] AS [r] ON [p0].[Id] = [r].[PostId]
ORDER BY [p0].[CreatedAt] DESC, [p0].[Id], [a].[Id], [c].[Id]]
[INFO] - [24] - [?] - [Executed DbCommand (0ms) [Parameters=[], CommandType='Text', CommandTimeout='30']
SELECT COUNT(*)
FROM [Posts] AS [p]]
[INFO] - [24] - [SimpleBlog.Presentation.Areas.User.Controllers.HomeController.Index(C:\Users\OPL-PC\Desktop\SimpleBlog\SimpleBlog\SimpleBlog.Presentation\Areas\User\Controllers\HomeController.cs:39)] - [Page Load]
[INFO] - [26] - [?] - [Executed DbCommand (1ms) [Parameters=[@__p_0='?' (DbType = Int32)], CommandType='Text', CommandTimeout='30']
SELECT [p0].[Id], [p0].[AppUserId], [p0].[Body], [p0].[CreatedAt], [p0].[PostStatus], [p0].[Title], [a].[Id], [c0].[Id], [c0].[AppUserId], [c0].[PostId], [c0].[Text], [c0].[Time], [r0].[Id], [r0].[AppUserId], [r0].[PostId], [r0].[ReactType], [a].[AccessFailedCount], [a].[ConcurrencyStamp], [a].[Email], [a].[EmailConfirmed], [a].[LockoutEnabled], [a].[LockoutEnd], [a].[Name], [a].[NormalizedEmail], [a].[NormalizedUserName], [a].[PasswordHash], [a].[PhoneNumber], [a].[PhoneNumberConfirmed], [a].[Role], [a].[SecurityStamp], [a].[TwoFactorEnabled], [a].[UserName]
FROM (
    SELECT TOP(@__p_0) [p].[Id], [p].[AppUserId], [p].[Body], [p].[CreatedAt], [p].[PostStatus], [p].[Title], (
        SELECT COUNT(*)
        FROM [Reactions] AS [r]
        WHERE [p].[Id] = [r].[PostId]) + (
        SELECT COUNT(*)
        FROM [Comments] AS [c]
        WHERE [p].[Id] = [c].[PostId]) AS [c]
    FROM [Posts] AS [p]
    ORDER BY (
        SELECT COUNT(*)
        FROM [Reactions] AS [r]
        WHERE [p].[Id] = [r].[PostId]) + (
        SELECT COUNT(*)
        FROM [Comments] AS [c]
        WHERE [p].[Id] = [c].[PostId]) DESC
) AS [p0]
INNER JOIN [AspNetUsers] AS [a] ON [p0].[AppUserId] = [a].[Id]
LEFT JOIN [Comments] AS [c0] ON [p0].[Id] = [c0].[PostId]
LEFT JOIN [Reactions] AS [r0] ON [p0].[Id] = [r0].[PostId]
ORDER BY [p0].[c] DESC, [p0].[Id], [a].[Id], [c0].[Id]]
[INFO] - [25] - [?] - [Executed DbCommand (0ms) [Parameters=[@__p_0='?' (DbType = Int32)], CommandType='Text', CommandTimeout='30']
SELECT TOP(1) [a].[Id], [a].[AccessFailedCount], [a].[ConcurrencyStamp], [a].[Email], [a].[EmailConfirmed], [a].[LockoutEnabled], [a].[LockoutEnd], [a].[Name], [a].[NormalizedEmail], [a].[NormalizedUserName], [a].[PasswordHash], [a].[PhoneNumber], [a].[PhoneNumberConfirmed], [a].[Role], [a].[SecurityStamp], [a].[TwoFactorEnabled], [a].[UserName]
FROM [AspNetUsers] AS [a]
WHERE [a].[Id] = @__p_0]
[INFO] - [25] - [?] - [Executed DbCommand (0ms) [Parameters=[@__currentUser_Id_0='?' (DbType = Int32)], CommandType='Text', CommandTimeout='30']
SELECT [a].[Id], [a].[AccessFailedCount], [a].[ConcurrencyStamp], [a].[Email], [a].[EmailConfirmed], [a].[LockoutEnabled], [a].[LockoutEnd], [a].[Name], [a].[NormalizedEmail], [a].[NormalizedUserName], [a].[PasswordHash], [a].[PhoneNumber], [a].[PhoneNumberConfirmed], [a].[Role], [a].[SecurityStamp], [a].[TwoFactorEnabled], [a].[UserName]
FROM [AspNetUsers] AS [a]
WHERE [a].[Id] <> @__currentUser_Id_0]
[INFO] - [20] - [?] - [Executed DbCommand (1ms) [Parameters=[@__p_0='?' (DbType = Int32)], CommandType='Text', CommandTimeout='30']
SELECT [p0].[Id], [p0].[AppUserId], [p0].[Body], [p0].[CreatedAt], [p0].[PostStatus], [p0].[Title], [a].[Id], [c0].[Id], [c0].[AppUserId], [c0].[PostId], [c0].[Text], [c0].[Time], [r0].[Id], [r0].[AppUserId], [r0].[PostId], [r0].[ReactType], [a].[AccessFailedCount], [a].[ConcurrencyStamp], [a].[Email], [a].[EmailConfirmed], [a].[LockoutEnabled], [a].[LockoutEnd], [a].[Name], [a].[NormalizedEmail], [a].[NormalizedUserName], [a].[PasswordHash], [a].[PhoneNumber], [a].[PhoneNumberConfirmed], [a].[Role], [a].[SecurityStamp], [a].[TwoFactorEnabled], [a].[UserName]
FROM (
    SELECT TOP(@__p_0) [p].[Id], [p].[AppUserId], [p].[Body], [p].[CreatedAt], [p].[PostStatus], [p].[Title], (
        SELECT COUNT(*)
        FROM [Reactions] AS [r]
        WHERE [p].[Id] = [r].[PostId]) + (
        SELECT COUNT(*)
        FROM [Comments] AS [c]
        WHERE [p].[Id] = [c].[PostId]) AS [c]
    FROM [Posts] AS [p]
    ORDER BY (
        SELECT COUNT(*)
        FROM [Reactions] AS [r]
        WHERE [p].[Id] = [r].[PostId]) + (
        SELECT COUNT(*)
        FROM [Comments] AS [c]
        WHERE [p].[Id] = [c].[PostId]) DESC
) AS [p0]
INNER JOIN [AspNetUsers] AS [a] ON [p0].[AppUserId] = [a].[Id]
LEFT JOIN [Comments] AS [c0] ON [p0].[Id] = [c0].[PostId]
LEFT JOIN [Reactions] AS [r0] ON [p0].[Id] = [r0].[PostId]
ORDER BY [p0].[c] DESC, [p0].[Id], [a].[Id], [c0].[Id]]
[INFO] - [25] - [?] - [Executed DbCommand (1ms) [Parameters=[@__p_0='?' (DbType = Int32), @__p_1='?' (DbType = Int32)], CommandType='Text', CommandTimeout='30']
SELECT [p0].[Id], [p0].[AppUserId], [p0].[Body], [p0].[CreatedAt], [p0].[PostStatus], [p0].[Title], [a].[Id], [c].[Id], [c].[AppUserId], [c].[PostId], [c].[Text], [c].[Time], [r].[Id], [r].[AppUserId], [r].[PostId], [r].[ReactType], [a].[AccessFailedCount], [a].[ConcurrencyStamp], [a].[Email], [a].[EmailConfirmed], [a].[LockoutEnabled], [a].[LockoutEnd], [a].[Name], [a].[NormalizedEmail], [a].[NormalizedUserName], [a].[PasswordHash], [a].[PhoneNumber], [a].[PhoneNumberConfirmed], [a].[Role], [a].[SecurityStamp], [a].[TwoFactorEnabled], [a].[UserName]
FROM (
    SELECT [p].[Id], [p].[AppUserId], [p].[Body], [p].[CreatedAt], [p].[PostStatus], [p].[Title]
    FROM [Posts] AS [p]
    WHERE [p].[PostStatus] = 10
    ORDER BY [p].[CreatedAt] DESC
    OFFSET @__p_0 ROWS FETCH NEXT @__p_1 ROWS ONLY
) AS [p0]
INNER JOIN [AspNetUsers] AS [a] ON [p0].[AppUserId] = [a].[Id]
LEFT JOIN [Comments] AS [c] ON [p0].[Id] = [c].[PostId]
LEFT JOIN [Reactions] AS [r] ON [p0].[Id] = [r].[PostId]
ORDER BY [p0].[CreatedAt] DESC, [p0].[Id], [a].[Id], [c].[Id]]
[INFO] - [25] - [?] - [Executed DbCommand (0ms) [Parameters=[], CommandType='Text', CommandTimeout='30']
SELECT COUNT(*)
FROM [Posts] AS [p]]
[INFO] - [25] - [SimpleBlog.Presentation.Areas.User.Controllers.HomeController.Index(C:\Users\OPL-PC\Desktop\SimpleBlog\SimpleBlog\SimpleBlog.Presentation\Areas\User\Controllers\HomeController.cs:39)] - [Page Load]
[INFO] - [29] - [?] - [Executed DbCommand (1ms) [Parameters=[@__p_0='?' (DbType = Int32), @__p_1='?' (DbType = Int32)], CommandType='Text', CommandTimeout='30']
SELECT [p0].[Id], [p0].[AppUserId], [p0].[Body], [p0].[CreatedAt], [p0].[PostStatus], [p0].[Title], [a].[Id], [c].[Id], [c].[AppUserId], [c].[PostId], [c].[Text], [c].[Time], [r].[Id], [r].[AppUserId], [r].[PostId], [r].[ReactType], [a].[AccessFailedCount], [a].[ConcurrencyStamp], [a].[Email], [a].[EmailConfirmed], [a].[LockoutEnabled], [a].[LockoutEnd], [a].[Name], [a].[NormalizedEmail], [a].[NormalizedUserName], [a].[PasswordHash], [a].[PhoneNumber], [a].[PhoneNumberConfirmed], [a].[Role], [a].[SecurityStamp], [a].[TwoFactorEnabled], [a].[UserName]
FROM (
    SELECT [p].[Id], [p].[AppUserId], [p].[Body], [p].[CreatedAt], [p].[PostStatus], [p].[Title]
    FROM [Posts] AS [p]
    WHERE [p].[PostStatus] = 10
    ORDER BY [p].[CreatedAt] DESC
    OFFSET @__p_0 ROWS FETCH NEXT @__p_1 ROWS ONLY
) AS [p0]
INNER JOIN [AspNetUsers] AS [a] ON [p0].[AppUserId] = [a].[Id]
LEFT JOIN [Comments] AS [c] ON [p0].[Id] = [c].[PostId]
LEFT JOIN [Reactions] AS [r] ON [p0].[Id] = [r].[PostId]
ORDER BY [p0].[CreatedAt] DESC, [p0].[Id], [a].[Id], [c].[Id]]
[INFO] - [29] - [?] - [Executed DbCommand (0ms) [Parameters=[], CommandType='Text', CommandTimeout='30']
SELECT COUNT(*)
FROM [Posts] AS [p]]
[INFO] - [29] - [SimpleBlog.Presentation.Areas.User.Controllers.HomeController.Index(C:\Users\OPL-PC\Desktop\SimpleBlog\SimpleBlog\SimpleBlog.Presentation\Areas\User\Controllers\HomeController.cs:39)] - [Page Load]
[INFO] - [26] - [?] - [Executed DbCommand (0ms) [Parameters=[], CommandType='Text', CommandTimeout='30']
SELECT [p].[Id], [p].[AppUserId], [p].[Body], [p].[CreatedAt], [p].[PostStatus], [p].[Title], [a].[Id], [c].[Id], [c].[AppUserId], [c].[PostId], [c].[Text], [c].[Time], [r].[Id], [r].[AppUserId], [r].[PostId], [r].[ReactType], [a].[AccessFailedCount], [a].[ConcurrencyStamp], [a].[Email], [a].[EmailConfirmed], [a].[LockoutEnabled], [a].[LockoutEnd], [a].[Name], [a].[NormalizedEmail], [a].[NormalizedUserName], [a].[PasswordHash], [a].[PhoneNumber], [a].[PhoneNumberConfirmed], [a].[Role], [a].[SecurityStamp], [a].[TwoFactorEnabled], [a].[UserName]
FROM [Posts] AS [p]
INNER JOIN [AspNetUsers] AS [a] ON [p].[AppUserId] = [a].[Id]
LEFT JOIN [Comments] AS [c] ON [p].[Id] = [c].[PostId]
LEFT JOIN [Reactions] AS [r] ON [p].[Id] = [r].[PostId]
WHERE [p].[PostStatus] <> 10
ORDER BY [p].[CreatedAt] DESC, [p].[Id], [a].[Id], [c].[Id]]
[INFO] - [28] - [?] - [Executed DbCommand (1ms) [Parameters=[@__p_0='?' (DbType = Int32)], CommandType='Text', CommandTimeout='30']
SELECT [p0].[Id], [p0].[AppUserId], [p0].[Body], [p0].[CreatedAt], [p0].[PostStatus], [p0].[Title], [a].[Id], [c0].[Id], [c0].[AppUserId], [c0].[PostId], [c0].[Text], [c0].[Time], [r0].[Id], [r0].[AppUserId], [r0].[PostId], [r0].[ReactType], [a].[AccessFailedCount], [a].[ConcurrencyStamp], [a].[Email], [a].[EmailConfirmed], [a].[LockoutEnabled], [a].[LockoutEnd], [a].[Name], [a].[NormalizedEmail], [a].[NormalizedUserName], [a].[PasswordHash], [a].[PhoneNumber], [a].[PhoneNumberConfirmed], [a].[Role], [a].[SecurityStamp], [a].[TwoFactorEnabled], [a].[UserName]
FROM (
    SELECT TOP(@__p_0) [p].[Id], [p].[AppUserId], [p].[Body], [p].[CreatedAt], [p].[PostStatus], [p].[Title], (
        SELECT COUNT(*)
        FROM [Reactions] AS [r]
        WHERE [p].[Id] = [r].[PostId]) + (
        SELECT COUNT(*)
        FROM [Comments] AS [c]
        WHERE [p].[Id] = [c].[PostId]) AS [c]
    FROM [Posts] AS [p]
    ORDER BY (
        SELECT COUNT(*)
        FROM [Reactions] AS [r]
        WHERE [p].[Id] = [r].[PostId]) + (
        SELECT COUNT(*)
        FROM [Comments] AS [c]
        WHERE [p].[Id] = [c].[PostId]) DESC
) AS [p0]
INNER JOIN [AspNetUsers] AS [a] ON [p0].[AppUserId] = [a].[Id]
LEFT JOIN [Comments] AS [c0] ON [p0].[Id] = [c0].[PostId]
LEFT JOIN [Reactions] AS [r0] ON [p0].[Id] = [r0].[PostId]
ORDER BY [p0].[c] DESC, [p0].[Id], [a].[Id], [c0].[Id]]
[INFO] - [26] - [?] - [Executed DbCommand (1ms) [Parameters=[@__p_0='?' (DbType = Int32)], CommandType='Text', CommandTimeout='30']
SELECT TOP(1) [a].[Id], [a].[AccessFailedCount], [a].[ConcurrencyStamp], [a].[Email], [a].[EmailConfirmed], [a].[LockoutEnabled], [a].[LockoutEnd], [a].[Name], [a].[NormalizedEmail], [a].[NormalizedUserName], [a].[PasswordHash], [a].[PhoneNumber], [a].[PhoneNumberConfirmed], [a].[Role], [a].[SecurityStamp], [a].[TwoFactorEnabled], [a].[UserName]
FROM [AspNetUsers] AS [a]
WHERE [a].[Id] = @__p_0]
[INFO] - [26] - [?] - [Executed DbCommand (0ms) [Parameters=[@__currentUser_Id_0='?' (DbType = Int32)], CommandType='Text', CommandTimeout='30']
SELECT [a].[Id], [a].[AccessFailedCount], [a].[ConcurrencyStamp], [a].[Email], [a].[EmailConfirmed], [a].[LockoutEnabled], [a].[LockoutEnd], [a].[Name], [a].[NormalizedEmail], [a].[NormalizedUserName], [a].[PasswordHash], [a].[PhoneNumber], [a].[PhoneNumberConfirmed], [a].[Role], [a].[SecurityStamp], [a].[TwoFactorEnabled], [a].[UserName]
FROM [AspNetUsers] AS [a]
WHERE [a].[Id] <> @__currentUser_Id_0]
[INFO] - [22] - [?] - [Executed DbCommand (0ms) [Parameters=[@__p_0='?' (DbType = Int32), @__p_1='?' (DbType = Int32)], CommandType='Text', CommandTimeout='30']
SELECT [p0].[Id], [p0].[AppUserId], [p0].[Body], [p0].[CreatedAt], [p0].[PostStatus], [p0].[Title], [a].[Id], [c].[Id], [c].[AppUserId], [c].[PostId], [c].[Text], [c].[Time], [r].[Id], [r].[AppUserId], [r].[PostId], [r].[ReactType], [a].[AccessFailedCount], [a].[ConcurrencyStamp], [a].[Email], [a].[EmailConfirmed], [a].[LockoutEnabled], [a].[LockoutEnd], [a].[Name], [a].[NormalizedEmail], [a].[NormalizedUserName], [a].[PasswordHash], [a].[PhoneNumber], [a].[PhoneNumberConfirmed], [a].[Role], [a].[SecurityStamp], [a].[TwoFactorEnabled], [a].[UserName]
FROM (
    SELECT [p].[Id], [p].[AppUserId], [p].[Body], [p].[CreatedAt], [p].[PostStatus], [p].[Title]
    FROM [Posts] AS [p]
    WHERE [p].[PostStatus] = 10
    ORDER BY [p].[CreatedAt] DESC
    OFFSET @__p_0 ROWS FETCH NEXT @__p_1 ROWS ONLY
) AS [p0]
INNER JOIN [AspNetUsers] AS [a] ON [p0].[AppUserId] = [a].[Id]
LEFT JOIN [Comments] AS [c] ON [p0].[Id] = [c].[PostId]
LEFT JOIN [Reactions] AS [r] ON [p0].[Id] = [r].[PostId]
ORDER BY [p0].[CreatedAt] DESC, [p0].[Id], [a].[Id], [c].[Id]]
[INFO] - [22] - [?] - [Executed DbCommand (0ms) [Parameters=[], CommandType='Text', CommandTimeout='30']
SELECT COUNT(*)
FROM [Posts] AS [p]]
[INFO] - [22] - [SimpleBlog.Presentation.Areas.User.Controllers.HomeController.Index(C:\Users\OPL-PC\Desktop\SimpleBlog\SimpleBlog\SimpleBlog.Presentation\Areas\User\Controllers\HomeController.cs:39)] - [Page Load]
[INFO] - [29] - [?] - [Executed DbCommand (0ms) [Parameters=[@__p_0='?' (DbType = Int32)], CommandType='Text', CommandTimeout='30']
SELECT TOP(1) [a].[Id], [a].[AccessFailedCount], [a].[ConcurrencyStamp], [a].[Email], [a].[EmailConfirmed], [a].[LockoutEnabled], [a].[LockoutEnd], [a].[Name], [a].[NormalizedEmail], [a].[NormalizedUserName], [a].[PasswordHash], [a].[PhoneNumber], [a].[PhoneNumberConfirmed], [a].[Role], [a].[SecurityStamp], [a].[TwoFactorEnabled], [a].[UserName]
FROM [AspNetUsers] AS [a]
WHERE [a].[Id] = @__p_0]
[INFO] - [29] - [?] - [Executed DbCommand (1ms) [Parameters=[@__currentUser_Id_0='?' (DbType = Int32)], CommandType='Text', CommandTimeout='30']
SELECT [a].[Id], [a].[AccessFailedCount], [a].[ConcurrencyStamp], [a].[Email], [a].[EmailConfirmed], [a].[LockoutEnabled], [a].[LockoutEnd], [a].[Name], [a].[NormalizedEmail], [a].[NormalizedUserName], [a].[PasswordHash], [a].[PhoneNumber], [a].[PhoneNumberConfirmed], [a].[Role], [a].[SecurityStamp], [a].[TwoFactorEnabled], [a].[UserName]
FROM [AspNetUsers] AS [a]
WHERE [a].[Id] <> @__currentUser_Id_0]
[INFO] - [24] - [?] - [Executed DbCommand (1ms) [Parameters=[@__p_0='?' (DbType = Int32)], CommandType='Text', CommandTimeout='30']
SELECT [p0].[Id], [p0].[AppUserId], [p0].[Body], [p0].[CreatedAt], [p0].[PostStatus], [p0].[Title], [a].[Id], [c0].[Id], [c0].[AppUserId], [c0].[PostId], [c0].[Text], [c0].[Time], [r0].[Id], [r0].[AppUserId], [r0].[PostId], [r0].[ReactType], [a].[AccessFailedCount], [a].[ConcurrencyStamp], [a].[Email], [a].[EmailConfirmed], [a].[LockoutEnabled], [a].[LockoutEnd], [a].[Name], [a].[NormalizedEmail], [a].[NormalizedUserName], [a].[PasswordHash], [a].[PhoneNumber], [a].[PhoneNumberConfirmed], [a].[Role], [a].[SecurityStamp], [a].[TwoFactorEnabled], [a].[UserName]
FROM (
    SELECT TOP(@__p_0) [p].[Id], [p].[AppUserId], [p].[Body], [p].[CreatedAt], [p].[PostStatus], [p].[Title], (
        SELECT COUNT(*)
        FROM [Reactions] AS [r]
        WHERE [p].[Id] = [r].[PostId]) + (
        SELECT COUNT(*)
        FROM [Comments] AS [c]
        WHERE [p].[Id] = [c].[PostId]) AS [c]
    FROM [Posts] AS [p]
    ORDER BY (
        SELECT COUNT(*)
        FROM [Reactions] AS [r]
        WHERE [p].[Id] = [r].[PostId]) + (
        SELECT COUNT(*)
        FROM [Comments] AS [c]
        WHERE [p].[Id] = [c].[PostId]) DESC
) AS [p0]
INNER JOIN [AspNetUsers] AS [a] ON [p0].[AppUserId] = [a].[Id]
LEFT JOIN [Comments] AS [c0] ON [p0].[Id] = [c0].[PostId]
LEFT JOIN [Reactions] AS [r0] ON [p0].[Id] = [r0].[PostId]
ORDER BY [p0].[c] DESC, [p0].[Id], [a].[Id], [c0].[Id]]
[INFO] - [26] - [?] - [Executed DbCommand (0ms) [Parameters=[], CommandType='Text', CommandTimeout='30']
SELECT [p].[Id], [p].[AppUserId], [p].[Body], [p].[CreatedAt], [p].[PostStatus], [p].[Title], [a].[Id], [c].[Id], [c].[AppUserId], [c].[PostId], [c].[Text], [c].[Time], [r].[Id], [r].[AppUserId], [r].[PostId], [r].[ReactType], [a].[AccessFailedCount], [a].[ConcurrencyStamp], [a].[Email], [a].[EmailConfirmed], [a].[LockoutEnabled], [a].[LockoutEnd], [a].[Name], [a].[NormalizedEmail], [a].[NormalizedUserName], [a].[PasswordHash], [a].[PhoneNumber], [a].[PhoneNumberConfirmed], [a].[Role], [a].[SecurityStamp], [a].[TwoFactorEnabled], [a].[UserName]
FROM [Posts] AS [p]
INNER JOIN [AspNetUsers] AS [a] ON [p].[AppUserId] = [a].[Id]
LEFT JOIN [Comments] AS [c] ON [p].[Id] = [c].[PostId]
LEFT JOIN [Reactions] AS [r] ON [p].[Id] = [r].[PostId]
WHERE [p].[PostStatus] <> 10
ORDER BY [p].[CreatedAt] DESC, [p].[Id], [a].[Id], [c].[Id]]
[INFO] - [25] - [?] - [Executed DbCommand (1ms) [Parameters=[@__p_0='?' (DbType = Int32), @__p_1='?' (DbType = Int32)], CommandType='Text', CommandTimeout='30']
SELECT [p0].[Id], [p0].[AppUserId], [p0].[Body], [p0].[CreatedAt], [p0].[PostStatus], [p0].[Title], [a].[Id], [c].[Id], [c].[AppUserId], [c].[PostId], [c].[Text], [c].[Time], [r].[Id], [r].[AppUserId], [r].[PostId], [r].[ReactType], [a].[AccessFailedCount], [a].[ConcurrencyStamp], [a].[Email], [a].[EmailConfirmed], [a].[LockoutEnabled], [a].[LockoutEnd], [a].[Name], [a].[NormalizedEmail], [a].[NormalizedUserName], [a].[PasswordHash], [a].[PhoneNumber], [a].[PhoneNumberConfirmed], [a].[Role], [a].[SecurityStamp], [a].[TwoFactorEnabled], [a].[UserName]
FROM (
    SELECT [p].[Id], [p].[AppUserId], [p].[Body], [p].[CreatedAt], [p].[PostStatus], [p].[Title]
    FROM [Posts] AS [p]
    WHERE [p].[PostStatus] = 10
    ORDER BY [p].[CreatedAt] DESC
    OFFSET @__p_0 ROWS FETCH NEXT @__p_1 ROWS ONLY
) AS [p0]
INNER JOIN [AspNetUsers] AS [a] ON [p0].[AppUserId] = [a].[Id]
LEFT JOIN [Comments] AS [c] ON [p0].[Id] = [c].[PostId]
LEFT JOIN [Reactions] AS [r] ON [p0].[Id] = [r].[PostId]
ORDER BY [p0].[CreatedAt] DESC, [p0].[Id], [a].[Id], [c].[Id]]
[INFO] - [25] - [?] - [Executed DbCommand (0ms) [Parameters=[], CommandType='Text', CommandTimeout='30']
SELECT COUNT(*)
FROM [Posts] AS [p]]
[INFO] - [25] - [SimpleBlog.Presentation.Areas.User.Controllers.HomeController.Index(C:\Users\OPL-PC\Desktop\SimpleBlog\SimpleBlog\SimpleBlog.Presentation\Areas\User\Controllers\HomeController.cs:39)] - [Page Load]
[INFO] - [27] - [?] - [Executed DbCommand (1ms) [Parameters=[@__p_0='?' (DbType = Int32)], CommandType='Text', CommandTimeout='30']
SELECT [p0].[Id], [p0].[AppUserId], [p0].[Body], [p0].[CreatedAt], [p0].[PostStatus], [p0].[Title], [a].[Id], [c0].[Id], [c0].[AppUserId], [c0].[PostId], [c0].[Text], [c0].[Time], [r0].[Id], [r0].[AppUserId], [r0].[PostId], [r0].[ReactType], [a].[AccessFailedCount], [a].[ConcurrencyStamp], [a].[Email], [a].[EmailConfirmed], [a].[LockoutEnabled], [a].[LockoutEnd], [a].[Name], [a].[NormalizedEmail], [a].[NormalizedUserName], [a].[PasswordHash], [a].[PhoneNumber], [a].[PhoneNumberConfirmed], [a].[Role], [a].[SecurityStamp], [a].[TwoFactorEnabled], [a].[UserName]
FROM (
    SELECT TOP(@__p_0) [p].[Id], [p].[AppUserId], [p].[Body], [p].[CreatedAt], [p].[PostStatus], [p].[Title], (
        SELECT COUNT(*)
        FROM [Reactions] AS [r]
        WHERE [p].[Id] = [r].[PostId]) + (
        SELECT COUNT(*)
        FROM [Comments] AS [c]
        WHERE [p].[Id] = [c].[PostId]) AS [c]
    FROM [Posts] AS [p]
    ORDER BY (
        SELECT COUNT(*)
        FROM [Reactions] AS [r]
        WHERE [p].[Id] = [r].[PostId]) + (
        SELECT COUNT(*)
        FROM [Comments] AS [c]
        WHERE [p].[Id] = [c].[PostId]) DESC
) AS [p0]
INNER JOIN [AspNetUsers] AS [a] ON [p0].[AppUserId] = [a].[Id]
LEFT JOIN [Comments] AS [c0] ON [p0].[Id] = [c0].[PostId]
LEFT JOIN [Reactions] AS [r0] ON [p0].[Id] = [r0].[PostId]
ORDER BY [p0].[c] DESC, [p0].[Id], [a].[Id], [c0].[Id]]
[INFO] - [23] - [?] - [Executed DbCommand (0ms) [Parameters=[@__p_0='?' (DbType = Int32)], CommandType='Text', CommandTimeout='30']
SELECT TOP(1) [a].[Id], [a].[AccessFailedCount], [a].[ConcurrencyStamp], [a].[Email], [a].[EmailConfirmed], [a].[LockoutEnabled], [a].[LockoutEnd], [a].[Name], [a].[NormalizedEmail], [a].[NormalizedUserName], [a].[PasswordHash], [a].[PhoneNumber], [a].[PhoneNumberConfirmed], [a].[Role], [a].[SecurityStamp], [a].[TwoFactorEnabled], [a].[UserName]
FROM [AspNetUsers] AS [a]
WHERE [a].[Id] = @__p_0]
[INFO] - [23] - [?] - [Executed DbCommand (0ms) [Parameters=[@__currentUser_Id_0='?' (DbType = Int32)], CommandType='Text', CommandTimeout='30']
SELECT [a].[Id], [a].[AccessFailedCount], [a].[ConcurrencyStamp], [a].[Email], [a].[EmailConfirmed], [a].[LockoutEnabled], [a].[LockoutEnd], [a].[Name], [a].[NormalizedEmail], [a].[NormalizedUserName], [a].[PasswordHash], [a].[PhoneNumber], [a].[PhoneNumberConfirmed], [a].[Role], [a].[SecurityStamp], [a].[TwoFactorEnabled], [a].[UserName]
FROM [AspNetUsers] AS [a]
WHERE [a].[Id] <> @__currentUser_Id_0]
[INFO] - [26] - [?] - [Executed DbCommand (1ms) [Parameters=[@__p_0='?' (DbType = Int32)], CommandType='Text', CommandTimeout='30']
SELECT [p0].[Id], [p0].[AppUserId], [p0].[Body], [p0].[CreatedAt], [p0].[PostStatus], [p0].[Title], [a].[Id], [c0].[Id], [c0].[AppUserId], [c0].[PostId], [c0].[Text], [c0].[Time], [r0].[Id], [r0].[AppUserId], [r0].[PostId], [r0].[ReactType], [a].[AccessFailedCount], [a].[ConcurrencyStamp], [a].[Email], [a].[EmailConfirmed], [a].[LockoutEnabled], [a].[LockoutEnd], [a].[Name], [a].[NormalizedEmail], [a].[NormalizedUserName], [a].[PasswordHash], [a].[PhoneNumber], [a].[PhoneNumberConfirmed], [a].[Role], [a].[SecurityStamp], [a].[TwoFactorEnabled], [a].[UserName]
FROM (
    SELECT TOP(@__p_0) [p].[Id], [p].[AppUserId], [p].[Body], [p].[CreatedAt], [p].[PostStatus], [p].[Title], (
        SELECT COUNT(*)
        FROM [Reactions] AS [r]
        WHERE [p].[Id] = [r].[PostId]) + (
        SELECT COUNT(*)
        FROM [Comments] AS [c]
        WHERE [p].[Id] = [c].[PostId]) AS [c]
    FROM [Posts] AS [p]
    ORDER BY (
        SELECT COUNT(*)
        FROM [Reactions] AS [r]
        WHERE [p].[Id] = [r].[PostId]) + (
        SELECT COUNT(*)
        FROM [Comments] AS [c]
        WHERE [p].[Id] = [c].[PostId]) DESC
) AS [p0]
INNER JOIN [AspNetUsers] AS [a] ON [p0].[AppUserId] = [a].[Id]
LEFT JOIN [Comments] AS [c0] ON [p0].[Id] = [c0].[PostId]
LEFT JOIN [Reactions] AS [r0] ON [p0].[Id] = [r0].[PostId]
ORDER BY [p0].[c] DESC, [p0].[Id], [a].[Id], [c0].[Id]]
[INFO] - [25] - [?] - [Executed DbCommand (0ms) [Parameters=[], CommandType='Text', CommandTimeout='30']
SELECT [p].[Id], [p].[AppUserId], [p].[Body], [p].[CreatedAt], [p].[PostStatus], [p].[Title], [a].[Id], [c].[Id], [c].[AppUserId], [c].[PostId], [c].[Text], [c].[Time], [r].[Id], [r].[AppUserId], [r].[PostId], [r].[ReactType], [a].[AccessFailedCount], [a].[ConcurrencyStamp], [a].[Email], [a].[EmailConfirmed], [a].[LockoutEnabled], [a].[LockoutEnd], [a].[Name], [a].[NormalizedEmail], [a].[NormalizedUserName], [a].[PasswordHash], [a].[PhoneNumber], [a].[PhoneNumberConfirmed], [a].[Role], [a].[SecurityStamp], [a].[TwoFactorEnabled], [a].[UserName]
FROM [Posts] AS [p]
INNER JOIN [AspNetUsers] AS [a] ON [p].[AppUserId] = [a].[Id]
LEFT JOIN [Comments] AS [c] ON [p].[Id] = [c].[PostId]
LEFT JOIN [Reactions] AS [r] ON [p].[Id] = [r].[PostId]
WHERE [p].[PostStatus] <> 10
ORDER BY [p].[CreatedAt] DESC, [p].[Id], [a].[Id], [c].[Id]]
[INFO] - [26] - [?] - [Executed DbCommand (0ms) [Parameters=[@__id_0='?' (DbType = Int32)], CommandType='Text', CommandTimeout='30']
SELECT [s].[Id], [s].[AppUserId], [s].[Body], [s].[CreatedAt], [s].[PostStatus], [s].[Title], [s].[Id0], [r].[Id], [r].[AppUserId], [r].[PostId], [r].[ReactType], [s].[AccessFailedCount], [s].[ConcurrencyStamp], [s].[Email], [s].[EmailConfirmed], [s].[LockoutEnabled], [s].[LockoutEnd], [s].[Name], [s].[NormalizedEmail], [s].[NormalizedUserName], [s].[PasswordHash], [s].[PhoneNumber], [s].[PhoneNumberConfirmed], [s].[Role], [s].[SecurityStamp], [s].[TwoFactorEnabled], [s].[UserName], [s0].[Id], [s0].[AppUserId], [s0].[PostId], [s0].[Text], [s0].[Time], [s0].[Id0], [s0].[AccessFailedCount], [s0].[ConcurrencyStamp], [s0].[Email], [s0].[EmailConfirmed], [s0].[LockoutEnabled], [s0].[LockoutEnd], [s0].[Name], [s0].[NormalizedEmail], [s0].[NormalizedUserName], [s0].[PasswordHash], [s0].[PhoneNumber], [s0].[PhoneNumberConfirmed], [s0].[Role], [s0].[SecurityStamp], [s0].[TwoFactorEnabled], [s0].[UserName]
FROM (
    SELECT TOP(1) [p].[Id], [p].[AppUserId], [p].[Body], [p].[CreatedAt], [p].[PostStatus], [p].[Title], [a].[Id] AS [Id0], [a].[AccessFailedCount], [a].[ConcurrencyStamp], [a].[Email], [a].[EmailConfirmed], [a].[LockoutEnabled], [a].[LockoutEnd], [a].[Name], [a].[NormalizedEmail], [a].[NormalizedUserName], [a].[PasswordHash], [a].[PhoneNumber], [a].[PhoneNumberConfirmed], [a].[Role], [a].[SecurityStamp], [a].[TwoFactorEnabled], [a].[UserName]
    FROM [Posts] AS [p]
    INNER JOIN [AspNetUsers] AS [a] ON [p].[AppUserId] = [a].[Id]
    WHERE [p].[Id] = @__id_0
) AS [s]
LEFT JOIN [Reactions] AS [r] ON [s].[Id] = [r].[PostId]
LEFT JOIN (
    SELECT [c].[Id], [c].[AppUserId], [c].[PostId], [c].[Text], [c].[Time], [a0].[Id] AS [Id0], [a0].[AccessFailedCount], [a0].[ConcurrencyStamp], [a0].[Email], [a0].[EmailConfirmed], [a0].[LockoutEnabled], [a0].[LockoutEnd], [a0].[Name], [a0].[NormalizedEmail], [a0].[NormalizedUserName], [a0].[PasswordHash], [a0].[PhoneNumber], [a0].[PhoneNumberConfirmed], [a0].[Role], [a0].[SecurityStamp], [a0].[TwoFactorEnabled], [a0].[UserName]
    FROM [Comments] AS [c]
    INNER JOIN [AspNetUsers] AS [a0] ON [c].[AppUserId] = [a0].[Id]
) AS [s0] ON [s].[Id] = [s0].[PostId]
ORDER BY [s].[Id], [s].[Id0], [r].[Id], [s0].[Id]]
[INFO] - [29] - [?] - [Executed DbCommand (1ms) [Parameters=[@__p_0='?' (DbType = Int32), @__p_1='?' (DbType = Int32)], CommandType='Text', CommandTimeout='30']
SELECT [p0].[Id], [p0].[AppUserId], [p0].[Body], [p0].[CreatedAt], [p0].[PostStatus], [p0].[Title], [a].[Id], [c].[Id], [c].[AppUserId], [c].[PostId], [c].[Text], [c].[Time], [r].[Id], [r].[AppUserId], [r].[PostId], [r].[ReactType], [a].[AccessFailedCount], [a].[ConcurrencyStamp], [a].[Email], [a].[EmailConfirmed], [a].[LockoutEnabled], [a].[LockoutEnd], [a].[Name], [a].[NormalizedEmail], [a].[NormalizedUserName], [a].[PasswordHash], [a].[PhoneNumber], [a].[PhoneNumberConfirmed], [a].[Role], [a].[SecurityStamp], [a].[TwoFactorEnabled], [a].[UserName]
FROM (
    SELECT [p].[Id], [p].[AppUserId], [p].[Body], [p].[CreatedAt], [p].[PostStatus], [p].[Title]
    FROM [Posts] AS [p]
    WHERE [p].[PostStatus] = 10
    ORDER BY [p].[CreatedAt] DESC
    OFFSET @__p_0 ROWS FETCH NEXT @__p_1 ROWS ONLY
) AS [p0]
INNER JOIN [AspNetUsers] AS [a] ON [p0].[AppUserId] = [a].[Id]
LEFT JOIN [Comments] AS [c] ON [p0].[Id] = [c].[PostId]
LEFT JOIN [Reactions] AS [r] ON [p0].[Id] = [r].[PostId]
ORDER BY [p0].[CreatedAt] DESC, [p0].[Id], [a].[Id], [c].[Id]]
[INFO] - [29] - [?] - [Executed DbCommand (0ms) [Parameters=[], CommandType='Text', CommandTimeout='30']
SELECT COUNT(*)
FROM [Posts] AS [p]]
[INFO] - [29] - [SimpleBlog.Presentation.Areas.User.Controllers.HomeController.Index(C:\Users\OPL-PC\Desktop\SimpleBlog\SimpleBlog\SimpleBlog.Presentation\Areas\User\Controllers\HomeController.cs:39)] - [Page Load]
[WARN] - [29] - [?] - [Compiling a query which loads related collections for more than one collection navigation, either via 'Include' or through projection, but no 'QuerySplittingBehavior' has been configured. By default, Entity Framework will use 'QuerySplittingBehavior.SingleQuery', which can potentially result in slow query performance. See https://go.microsoft.com/fwlink/?linkid=2134277 for more information. To identify the query that's triggering this warning call 'ConfigureWarnings(w => w.Throw(RelationalEventId.MultipleCollectionIncludeWarning))'.]
[INFO] - [29] - [?] - [Executed DbCommand (4ms) [Parameters=[@__p_0='?' (DbType = Int32)], CommandType='Text', CommandTimeout='30']
SELECT [p0].[Id], [p0].[AppUserId], [p0].[Body], [p0].[CreatedAt], [p0].[PostStatus], [p0].[Title], [a].[Id], [c].[Id], [c].[AppUserId], [c].[PostId], [c].[Text], [c].[Time], [r].[Id], [r].[AppUserId], [r].[PostId], [r].[ReactType], [a].[AccessFailedCount], [a].[ConcurrencyStamp], [a].[Email], [a].[EmailConfirmed], [a].[LockoutEnabled], [a].[LockoutEnd], [a].[Name], [a].[NormalizedEmail], [a].[NormalizedUserName], [a].[PasswordHash], [a].[PhoneNumber], [a].[PhoneNumberConfirmed], [a].[Role], [a].[SecurityStamp], [a].[TwoFactorEnabled], [a].[UserName]
FROM (
    SELECT [p].[Id], [p].[AppUserId], [p].[Body], [p].[CreatedAt], [p].[PostStatus], [p].[Title]
    FROM [Posts] AS [p]
    WHERE [p].[PostStatus] = 10
    ORDER BY [p].[CreatedAt] DESC
    OFFSET @__p_0 ROWS FETCH NEXT @__p_0 ROWS ONLY
) AS [p0]
INNER JOIN [AspNetUsers] AS [a] ON [p0].[AppUserId] = [a].[Id]
LEFT JOIN [Comments] AS [c] ON [p0].[Id] = [c].[PostId]
LEFT JOIN [Reactions] AS [r] ON [p0].[Id] = [r].[PostId]
ORDER BY [p0].[CreatedAt] DESC, [p0].[Id], [a].[Id], [c].[Id]]
[INFO] - [29] - [?] - [Executed DbCommand (0ms) [Parameters=[], CommandType='Text', CommandTimeout='30']
SELECT COUNT(*)
FROM [Posts] AS [p]]
[INFO] - [14] - [?] - [Executed DbCommand (0ms) [Parameters=[@__p_0='?' (DbType = Int32)], CommandType='Text', CommandTimeout='30']
SELECT TOP(1) [a].[Id], [a].[AccessFailedCount], [a].[ConcurrencyStamp], [a].[Email], [a].[EmailConfirmed], [a].[LockoutEnabled], [a].[LockoutEnd], [a].[Name], [a].[NormalizedEmail], [a].[NormalizedUserName], [a].[PasswordHash], [a].[PhoneNumber], [a].[PhoneNumberConfirmed], [a].[Role], [a].[SecurityStamp], [a].[TwoFactorEnabled], [a].[UserName]
FROM [AspNetUsers] AS [a]
WHERE [a].[Id] = @__p_0]
[INFO] - [29] - [SimpleBlog.Presentation.Areas.User.Controllers.HomeController.Index(C:\Users\OPL-PC\Desktop\SimpleBlog\SimpleBlog\SimpleBlog.Presentation\Areas\User\Controllers\HomeController.cs:39)] - [Page Load]
[INFO] - [27] - [?] - [Executed DbCommand (1ms) [Parameters=[@__p_0='?' (DbType = Int32)], CommandType='Text', CommandTimeout='30']
SELECT [p0].[Id], [p0].[AppUserId], [p0].[Body], [p0].[CreatedAt], [p0].[PostStatus], [p0].[Title], [a].[Id], [c0].[Id], [c0].[AppUserId], [c0].[PostId], [c0].[Text], [c0].[Time], [r0].[Id], [r0].[AppUserId], [r0].[PostId], [r0].[ReactType], [a].[AccessFailedCount], [a].[ConcurrencyStamp], [a].[Email], [a].[EmailConfirmed], [a].[LockoutEnabled], [a].[LockoutEnd], [a].[Name], [a].[NormalizedEmail], [a].[NormalizedUserName], [a].[PasswordHash], [a].[PhoneNumber], [a].[PhoneNumberConfirmed], [a].[Role], [a].[SecurityStamp], [a].[TwoFactorEnabled], [a].[UserName]
FROM (
    SELECT TOP(@__p_0) [p].[Id], [p].[AppUserId], [p].[Body], [p].[CreatedAt], [p].[PostStatus], [p].[Title], (
        SELECT COUNT(*)
        FROM [Reactions] AS [r]
        WHERE [p].[Id] = [r].[PostId]) + (
        SELECT COUNT(*)
        FROM [Comments] AS [c]
        WHERE [p].[Id] = [c].[PostId]) AS [c]
    FROM [Posts] AS [p]
    ORDER BY (
        SELECT COUNT(*)
        FROM [Reactions] AS [r]
        WHERE [p].[Id] = [r].[PostId]) + (
        SELECT COUNT(*)
        FROM [Comments] AS [c]
        WHERE [p].[Id] = [c].[PostId]) DESC
) AS [p0]
INNER JOIN [AspNetUsers] AS [a] ON [p0].[AppUserId] = [a].[Id]
LEFT JOIN [Comments] AS [c0] ON [p0].[Id] = [c0].[PostId]
LEFT JOIN [Reactions] AS [r0] ON [p0].[Id] = [r0].[PostId]
ORDER BY [p0].[c] DESC, [p0].[Id], [a].[Id], [c0].[Id]]
[INFO] - [23] - [?] - [Executed DbCommand (0ms) [Parameters=[@__p_0='?' (DbType = Int32)], CommandType='Text', CommandTimeout='30']
SELECT TOP(1) [a].[Id], [a].[AccessFailedCount], [a].[ConcurrencyStamp], [a].[Email], [a].[EmailConfirmed], [a].[LockoutEnabled], [a].[LockoutEnd], [a].[Name], [a].[NormalizedEmail], [a].[NormalizedUserName], [a].[PasswordHash], [a].[PhoneNumber], [a].[PhoneNumberConfirmed], [a].[Role], [a].[SecurityStamp], [a].[TwoFactorEnabled], [a].[UserName]
FROM [AspNetUsers] AS [a]
WHERE [a].[Id] = @__p_0]
[INFO] - [23] - [?] - [Executed DbCommand (0ms) [Parameters=[@__currentUser_Id_0='?' (DbType = Int32)], CommandType='Text', CommandTimeout='30']
SELECT [a].[Id], [a].[AccessFailedCount], [a].[ConcurrencyStamp], [a].[Email], [a].[EmailConfirmed], [a].[LockoutEnabled], [a].[LockoutEnd], [a].[Name], [a].[NormalizedEmail], [a].[NormalizedUserName], [a].[PasswordHash], [a].[PhoneNumber], [a].[PhoneNumberConfirmed], [a].[Role], [a].[SecurityStamp], [a].[TwoFactorEnabled], [a].[UserName]
FROM [AspNetUsers] AS [a]
WHERE [a].[Id] <> @__currentUser_Id_0]
[INFO] - [27] - [?] - [Executed DbCommand (1ms) [Parameters=[@__p_0='?' (DbType = Int32)], CommandType='Text', CommandTimeout='30']
SELECT [p0].[Id], [p0].[AppUserId], [p0].[Body], [p0].[CreatedAt], [p0].[PostStatus], [p0].[Title], [a].[Id], [c0].[Id], [c0].[AppUserId], [c0].[PostId], [c0].[Text], [c0].[Time], [r0].[Id], [r0].[AppUserId], [r0].[PostId], [r0].[ReactType], [a].[AccessFailedCount], [a].[ConcurrencyStamp], [a].[Email], [a].[EmailConfirmed], [a].[LockoutEnabled], [a].[LockoutEnd], [a].[Name], [a].[NormalizedEmail], [a].[NormalizedUserName], [a].[PasswordHash], [a].[PhoneNumber], [a].[PhoneNumberConfirmed], [a].[Role], [a].[SecurityStamp], [a].[TwoFactorEnabled], [a].[UserName]
FROM (
    SELECT TOP(@__p_0) [p].[Id], [p].[AppUserId], [p].[Body], [p].[CreatedAt], [p].[PostStatus], [p].[Title], (
        SELECT COUNT(*)
        FROM [Reactions] AS [r]
        WHERE [p].[Id] = [r].[PostId]) + (
        SELECT COUNT(*)
        FROM [Comments] AS [c]
        WHERE [p].[Id] = [c].[PostId]) AS [c]
    FROM [Posts] AS [p]
    ORDER BY (
        SELECT COUNT(*)
        FROM [Reactions] AS [r]
        WHERE [p].[Id] = [r].[PostId]) + (
        SELECT COUNT(*)
        FROM [Comments] AS [c]
        WHERE [p].[Id] = [c].[PostId]) DESC
) AS [p0]
INNER JOIN [AspNetUsers] AS [a] ON [p0].[AppUserId] = [a].[Id]
LEFT JOIN [Comments] AS [c0] ON [p0].[Id] = [c0].[PostId]
LEFT JOIN [Reactions] AS [r0] ON [p0].[Id] = [r0].[PostId]
ORDER BY [p0].[c] DESC, [p0].[Id], [a].[Id], [c0].[Id]]
[INFO] - [23] - [?] - [Executed DbCommand (0ms) [Parameters=[], CommandType='Text', CommandTimeout='30']
SELECT [p].[Id], [p].[AppUserId], [p].[Body], [p].[CreatedAt], [p].[PostStatus], [p].[Title], [a].[Id], [c].[Id], [c].[AppUserId], [c].[PostId], [c].[Text], [c].[Time], [r].[Id], [r].[AppUserId], [r].[PostId], [r].[ReactType], [a].[AccessFailedCount], [a].[ConcurrencyStamp], [a].[Email], [a].[EmailConfirmed], [a].[LockoutEnabled], [a].[LockoutEnd], [a].[Name], [a].[NormalizedEmail], [a].[NormalizedUserName], [a].[PasswordHash], [a].[PhoneNumber], [a].[PhoneNumberConfirmed], [a].[Role], [a].[SecurityStamp], [a].[TwoFactorEnabled], [a].[UserName]
FROM [Posts] AS [p]
INNER JOIN [AspNetUsers] AS [a] ON [p].[AppUserId] = [a].[Id]
LEFT JOIN [Comments] AS [c] ON [p].[Id] = [c].[PostId]
LEFT JOIN [Reactions] AS [r] ON [p].[Id] = [r].[PostId]
WHERE [p].[PostStatus] <> 10
ORDER BY [p].[CreatedAt] DESC, [p].[Id], [a].[Id], [c].[Id]]
[INFO] - [29] - [?] - [Executed DbCommand (0ms) [Parameters=[@__id_0='?' (DbType = Int32)], CommandType='Text', CommandTimeout='30']
SELECT [s].[Id], [s].[AppUserId], [s].[Body], [s].[CreatedAt], [s].[PostStatus], [s].[Title], [s].[Id0], [r].[Id], [r].[AppUserId], [r].[PostId], [r].[ReactType], [s].[AccessFailedCount], [s].[ConcurrencyStamp], [s].[Email], [s].[EmailConfirmed], [s].[LockoutEnabled], [s].[LockoutEnd], [s].[Name], [s].[NormalizedEmail], [s].[NormalizedUserName], [s].[PasswordHash], [s].[PhoneNumber], [s].[PhoneNumberConfirmed], [s].[Role], [s].[SecurityStamp], [s].[TwoFactorEnabled], [s].[UserName], [s0].[Id], [s0].[AppUserId], [s0].[PostId], [s0].[Text], [s0].[Time], [s0].[Id0], [s0].[AccessFailedCount], [s0].[ConcurrencyStamp], [s0].[Email], [s0].[EmailConfirmed], [s0].[LockoutEnabled], [s0].[LockoutEnd], [s0].[Name], [s0].[NormalizedEmail], [s0].[NormalizedUserName], [s0].[PasswordHash], [s0].[PhoneNumber], [s0].[PhoneNumberConfirmed], [s0].[Role], [s0].[SecurityStamp], [s0].[TwoFactorEnabled], [s0].[UserName]
FROM (
    SELECT TOP(1) [p].[Id], [p].[AppUserId], [p].[Body], [p].[CreatedAt], [p].[PostStatus], [p].[Title], [a].[Id] AS [Id0], [a].[AccessFailedCount], [a].[ConcurrencyStamp], [a].[Email], [a].[EmailConfirmed], [a].[LockoutEnabled], [a].[LockoutEnd], [a].[Name], [a].[NormalizedEmail], [a].[NormalizedUserName], [a].[PasswordHash], [a].[PhoneNumber], [a].[PhoneNumberConfirmed], [a].[Role], [a].[SecurityStamp], [a].[TwoFactorEnabled], [a].[UserName]
    FROM [Posts] AS [p]
    INNER JOIN [AspNetUsers] AS [a] ON [p].[AppUserId] = [a].[Id]
    WHERE [p].[Id] = @__id_0
) AS [s]
LEFT JOIN [Reactions] AS [r] ON [s].[Id] = [r].[PostId]
LEFT JOIN (
    SELECT [c].[Id], [c].[AppUserId], [c].[PostId], [c].[Text], [c].[Time], [a0].[Id] AS [Id0], [a0].[AccessFailedCount], [a0].[ConcurrencyStamp], [a0].[Email], [a0].[EmailConfirmed], [a0].[LockoutEnabled], [a0].[LockoutEnd], [a0].[Name], [a0].[NormalizedEmail], [a0].[NormalizedUserName], [a0].[PasswordHash], [a0].[PhoneNumber], [a0].[PhoneNumberConfirmed], [a0].[Role], [a0].[SecurityStamp], [a0].[TwoFactorEnabled], [a0].[UserName]
    FROM [Comments] AS [c]
    INNER JOIN [AspNetUsers] AS [a0] ON [c].[AppUserId] = [a0].[Id]
) AS [s0] ON [s].[Id] = [s0].[PostId]
ORDER BY [s].[Id], [s].[Id0], [r].[Id], [s0].[Id]]
[INFO] - [28] - [?] - [Executed DbCommand (10ms) [Parameters=[@p5='?' (DbType = Int32), @p0='?' (DbType = Int32), @p1='?' (Size = 4000), @p2='?' (DbType = DateTime2), @p3='?' (DbType = Int32), @p4='?' (Size = 4000)], CommandType='Text', CommandTimeout='30']
SET IMPLICIT_TRANSACTIONS OFF;
SET NOCOUNT ON;
UPDATE [Posts] SET [AppUserId] = @p0, [Body] = @p1, [CreatedAt] = @p2, [PostStatus] = @p3, [Title] = @p4
OUTPUT 1
WHERE [Id] = @p5;]
[INFO] - [28] - [?] - [Executed DbCommand (0ms) [Parameters=[], CommandType='Text', CommandTimeout='30']
SELECT [p].[Id], [p].[AppUserId], [p].[Body], [p].[CreatedAt], [p].[PostStatus], [p].[Title], [a].[Id], [c].[Id], [c].[AppUserId], [c].[PostId], [c].[Text], [c].[Time], [r].[Id], [r].[AppUserId], [r].[PostId], [r].[ReactType], [a].[AccessFailedCount], [a].[ConcurrencyStamp], [a].[Email], [a].[EmailConfirmed], [a].[LockoutEnabled], [a].[LockoutEnd], [a].[Name], [a].[NormalizedEmail], [a].[NormalizedUserName], [a].[PasswordHash], [a].[PhoneNumber], [a].[PhoneNumberConfirmed], [a].[Role], [a].[SecurityStamp], [a].[TwoFactorEnabled], [a].[UserName]
FROM [Posts] AS [p]
INNER JOIN [AspNetUsers] AS [a] ON [p].[AppUserId] = [a].[Id]
LEFT JOIN [Comments] AS [c] ON [p].[Id] = [c].[PostId]
LEFT JOIN [Reactions] AS [r] ON [p].[Id] = [r].[PostId]
WHERE [p].[PostStatus] <> 10
ORDER BY [p].[CreatedAt] DESC, [p].[Id], [a].[Id], [c].[Id]]
[INFO] - [21] - [?] - [Executed DbCommand (1ms) [Parameters=[@__p_0='?' (DbType = Int32), @__p_1='?' (DbType = Int32)], CommandType='Text', CommandTimeout='30']
SELECT [p0].[Id], [p0].[AppUserId], [p0].[Body], [p0].[CreatedAt], [p0].[PostStatus], [p0].[Title], [a].[Id], [c].[Id], [c].[AppUserId], [c].[PostId], [c].[Text], [c].[Time], [r].[Id], [r].[AppUserId], [r].[PostId], [r].[ReactType], [a].[AccessFailedCount], [a].[ConcurrencyStamp], [a].[Email], [a].[EmailConfirmed], [a].[LockoutEnabled], [a].[LockoutEnd], [a].[Name], [a].[NormalizedEmail], [a].[NormalizedUserName], [a].[PasswordHash], [a].[PhoneNumber], [a].[PhoneNumberConfirmed], [a].[Role], [a].[SecurityStamp], [a].[TwoFactorEnabled], [a].[UserName]
FROM (
    SELECT [p].[Id], [p].[AppUserId], [p].[Body], [p].[CreatedAt], [p].[PostStatus], [p].[Title]
    FROM [Posts] AS [p]
    WHERE [p].[PostStatus] = 10
    ORDER BY [p].[CreatedAt] DESC
    OFFSET @__p_0 ROWS FETCH NEXT @__p_1 ROWS ONLY
) AS [p0]
INNER JOIN [AspNetUsers] AS [a] ON [p0].[AppUserId] = [a].[Id]
LEFT JOIN [Comments] AS [c] ON [p0].[Id] = [c].[PostId]
LEFT JOIN [Reactions] AS [r] ON [p0].[Id] = [r].[PostId]
ORDER BY [p0].[CreatedAt] DESC, [p0].[Id], [a].[Id], [c].[Id]]
[INFO] - [21] - [?] - [Executed DbCommand (0ms) [Parameters=[], CommandType='Text', CommandTimeout='30']
SELECT COUNT(*)
FROM [Posts] AS [p]]
[INFO] - [21] - [SimpleBlog.Presentation.Areas.User.Controllers.HomeController.Index(C:\Users\OPL-PC\Desktop\SimpleBlog\SimpleBlog\SimpleBlog.Presentation\Areas\User\Controllers\HomeController.cs:39)] - [Page Load]
[INFO] - [9] - [?] - [Executed DbCommand (0ms) [Parameters=[@__p_0='?' (DbType = Int32)], CommandType='Text', CommandTimeout='30']
SELECT [p0].[Id], [p0].[AppUserId], [p0].[Body], [p0].[CreatedAt], [p0].[PostStatus], [p0].[Title], [a].[Id], [c].[Id], [c].[AppUserId], [c].[PostId], [c].[Text], [c].[Time], [r].[Id], [r].[AppUserId], [r].[PostId], [r].[ReactType], [a].[AccessFailedCount], [a].[ConcurrencyStamp], [a].[Email], [a].[EmailConfirmed], [a].[LockoutEnabled], [a].[LockoutEnd], [a].[Name], [a].[NormalizedEmail], [a].[NormalizedUserName], [a].[PasswordHash], [a].[PhoneNumber], [a].[PhoneNumberConfirmed], [a].[Role], [a].[SecurityStamp], [a].[TwoFactorEnabled], [a].[UserName]
FROM (
    SELECT [p].[Id], [p].[AppUserId], [p].[Body], [p].[CreatedAt], [p].[PostStatus], [p].[Title]
    FROM [Posts] AS [p]
    WHERE [p].[PostStatus] = 10
    ORDER BY [p].[CreatedAt] DESC
    OFFSET @__p_0 ROWS FETCH NEXT @__p_0 ROWS ONLY
) AS [p0]
INNER JOIN [AspNetUsers] AS [a] ON [p0].[AppUserId] = [a].[Id]
LEFT JOIN [Comments] AS [c] ON [p0].[Id] = [c].[PostId]
LEFT JOIN [Reactions] AS [r] ON [p0].[Id] = [r].[PostId]
ORDER BY [p0].[CreatedAt] DESC, [p0].[Id], [a].[Id], [c].[Id]]
[INFO] - [9] - [?] - [Executed DbCommand (0ms) [Parameters=[], CommandType='Text', CommandTimeout='30']
SELECT COUNT(*)
FROM [Posts] AS [p]]
[INFO] - [9] - [SimpleBlog.Presentation.Areas.User.Controllers.HomeController.Index(C:\Users\OPL-PC\Desktop\SimpleBlog\SimpleBlog\SimpleBlog.Presentation\Areas\User\Controllers\HomeController.cs:39)] - [Page Load]
[INFO] - [28] - [?] - [Executed DbCommand (0ms) [Parameters=[@__p_0='?' (DbType = Int32), @__p_1='?' (DbType = Int32)], CommandType='Text', CommandTimeout='30']
SELECT [p0].[Id], [p0].[AppUserId], [p0].[Body], [p0].[CreatedAt], [p0].[PostStatus], [p0].[Title], [a].[Id], [c].[Id], [c].[AppUserId], [c].[PostId], [c].[Text], [c].[Time], [r].[Id], [r].[AppUserId], [r].[PostId], [r].[ReactType], [a].[AccessFailedCount], [a].[ConcurrencyStamp], [a].[Email], [a].[EmailConfirmed], [a].[LockoutEnabled], [a].[LockoutEnd], [a].[Name], [a].[NormalizedEmail], [a].[NormalizedUserName], [a].[PasswordHash], [a].[PhoneNumber], [a].[PhoneNumberConfirmed], [a].[Role], [a].[SecurityStamp], [a].[TwoFactorEnabled], [a].[UserName]
FROM (
    SELECT [p].[Id], [p].[AppUserId], [p].[Body], [p].[CreatedAt], [p].[PostStatus], [p].[Title]
    FROM [Posts] AS [p]
    WHERE [p].[PostStatus] = 10
    ORDER BY [p].[CreatedAt] DESC
    OFFSET @__p_0 ROWS FETCH NEXT @__p_1 ROWS ONLY
) AS [p0]
INNER JOIN [AspNetUsers] AS [a] ON [p0].[AppUserId] = [a].[Id]
LEFT JOIN [Comments] AS [c] ON [p0].[Id] = [c].[PostId]
LEFT JOIN [Reactions] AS [r] ON [p0].[Id] = [r].[PostId]
ORDER BY [p0].[CreatedAt] DESC, [p0].[Id], [a].[Id], [c].[Id]]
[INFO] - [28] - [?] - [Executed DbCommand (0ms) [Parameters=[], CommandType='Text', CommandTimeout='30']
SELECT COUNT(*)
FROM [Posts] AS [p]]
[INFO] - [28] - [SimpleBlog.Presentation.Areas.User.Controllers.HomeController.Index(C:\Users\OPL-PC\Desktop\SimpleBlog\SimpleBlog\SimpleBlog.Presentation\Areas\User\Controllers\HomeController.cs:39)] - [Page Load]
[INFO] - [25] - [?] - [Executed DbCommand (0ms) [Parameters=[@__p_0='?' (DbType = Int32)], CommandType='Text', CommandTimeout='30']
SELECT [p0].[Id], [p0].[AppUserId], [p0].[Body], [p0].[CreatedAt], [p0].[PostStatus], [p0].[Title], [a].[Id], [c].[Id], [c].[AppUserId], [c].[PostId], [c].[Text], [c].[Time], [r].[Id], [r].[AppUserId], [r].[PostId], [r].[ReactType], [a].[AccessFailedCount], [a].[ConcurrencyStamp], [a].[Email], [a].[EmailConfirmed], [a].[LockoutEnabled], [a].[LockoutEnd], [a].[Name], [a].[NormalizedEmail], [a].[NormalizedUserName], [a].[PasswordHash], [a].[PhoneNumber], [a].[PhoneNumberConfirmed], [a].[Role], [a].[SecurityStamp], [a].[TwoFactorEnabled], [a].[UserName]
FROM (
    SELECT [p].[Id], [p].[AppUserId], [p].[Body], [p].[CreatedAt], [p].[PostStatus], [p].[Title]
    FROM [Posts] AS [p]
    WHERE [p].[PostStatus] = 10
    ORDER BY [p].[CreatedAt] DESC
    OFFSET @__p_0 ROWS FETCH NEXT @__p_0 ROWS ONLY
) AS [p0]
INNER JOIN [AspNetUsers] AS [a] ON [p0].[AppUserId] = [a].[Id]
LEFT JOIN [Comments] AS [c] ON [p0].[Id] = [c].[PostId]
LEFT JOIN [Reactions] AS [r] ON [p0].[Id] = [r].[PostId]
ORDER BY [p0].[CreatedAt] DESC, [p0].[Id], [a].[Id], [c].[Id]]
[INFO] - [25] - [?] - [Executed DbCommand (0ms) [Parameters=[], CommandType='Text', CommandTimeout='30']
SELECT COUNT(*)
FROM [Posts] AS [p]]
[INFO] - [25] - [SimpleBlog.Presentation.Areas.User.Controllers.HomeController.Index(C:\Users\OPL-PC\Desktop\SimpleBlog\SimpleBlog\SimpleBlog.Presentation\Areas\User\Controllers\HomeController.cs:39)] - [Page Load]
[INFO] - [29] - [?] - [Executed DbCommand (1ms) [Parameters=[@__p_0='?' (DbType = Int32), @__p_1='?' (DbType = Int32)], CommandType='Text', CommandTimeout='30']
SELECT [p0].[Id], [p0].[AppUserId], [p0].[Body], [p0].[CreatedAt], [p0].[PostStatus], [p0].[Title], [a].[Id], [c].[Id], [c].[AppUserId], [c].[PostId], [c].[Text], [c].[Time], [r].[Id], [r].[AppUserId], [r].[PostId], [r].[ReactType], [a].[AccessFailedCount], [a].[ConcurrencyStamp], [a].[Email], [a].[EmailConfirmed], [a].[LockoutEnabled], [a].[LockoutEnd], [a].[Name], [a].[NormalizedEmail], [a].[NormalizedUserName], [a].[PasswordHash], [a].[PhoneNumber], [a].[PhoneNumberConfirmed], [a].[Role], [a].[SecurityStamp], [a].[TwoFactorEnabled], [a].[UserName]
FROM (
    SELECT [p].[Id], [p].[AppUserId], [p].[Body], [p].[CreatedAt], [p].[PostStatus], [p].[Title]
    FROM [Posts] AS [p]
    WHERE [p].[PostStatus] = 10
    ORDER BY [p].[CreatedAt] DESC
    OFFSET @__p_0 ROWS FETCH NEXT @__p_1 ROWS ONLY
) AS [p0]
INNER JOIN [AspNetUsers] AS [a] ON [p0].[AppUserId] = [a].[Id]
LEFT JOIN [Comments] AS [c] ON [p0].[Id] = [c].[PostId]
LEFT JOIN [Reactions] AS [r] ON [p0].[Id] = [r].[PostId]
ORDER BY [p0].[CreatedAt] DESC, [p0].[Id], [a].[Id], [c].[Id]]
[INFO] - [29] - [?] - [Executed DbCommand (0ms) [Parameters=[], CommandType='Text', CommandTimeout='30']
SELECT COUNT(*)
FROM [Posts] AS [p]]
[INFO] - [29] - [SimpleBlog.Presentation.Areas.User.Controllers.HomeController.Index(C:\Users\OPL-PC\Desktop\SimpleBlog\SimpleBlog\SimpleBlog.Presentation\Areas\User\Controllers\HomeController.cs:39)] - [Page Load]
[INFO] - [1] - [?] - [Executed DbCommand (9ms) [Parameters=[], CommandType='Text', CommandTimeout='30']
SELECT 1]
[INFO] - [1] - [?] - [Executed DbCommand (7ms) [Parameters=[], CommandType='Text', CommandTimeout='30']
SELECT OBJECT_ID(N'[__EFMigrationsHistory]');]
[INFO] - [1] - [?] - [Executed DbCommand (5ms) [Parameters=[], CommandType='Text', CommandTimeout='30']
SELECT [MigrationId], [ProductVersion]
FROM [__EFMigrationsHistory]
ORDER BY [MigrationId];]
[INFO] - [5] - [?] - [Executed DbCommand (21ms) [Parameters=[@__normalizedName_0='?' (Size = 256)], CommandType='Text', CommandTimeout='30']
SELECT TOP(1) [a].[Id], [a].[ConcurrencyStamp], [a].[Name], [a].[NormalizedName]
FROM [AspNetRoles] AS [a]
WHERE [a].[NormalizedName] = @__normalizedName_0]
[INFO] - [1] - [?] - [Now listening on: https://localhost:7266]
[INFO] - [1] - [?] - [Now listening on: http://localhost:5272]
[INFO] - [1] - [Microsoft.Extensions.Hosting.Internal.ConsoleLifetime.OnApplicationStarted(:0)] - [Application started. Press Ctrl+C to shut down.]
[INFO] - [1] - [Microsoft.Extensions.Hosting.Internal.ConsoleLifetime.OnApplicationStarted(:0)] - [Hosting environment: Development]
[INFO] - [1] - [System.Threading.CancellationTokenSource.Invoke(:0)] - [Content root path: C:\Users\OPL-PC\Desktop\SimpleBlog\SimpleBlog\SimpleBlog.Presentation]
[INFO] - [9] - [?] - [Executed DbCommand (2ms) [Parameters=[@__p_0='?' (DbType = Int32)], CommandType='Text', CommandTimeout='30']
SELECT TOP(1) [a].[Id], [a].[AccessFailedCount], [a].[ConcurrencyStamp], [a].[Email], [a].[EmailConfirmed], [a].[LockoutEnabled], [a].[LockoutEnd], [a].[Name], [a].[NormalizedEmail], [a].[NormalizedUserName], [a].[PasswordHash], [a].[PhoneNumber], [a].[PhoneNumberConfirmed], [a].[Role], [a].[SecurityStamp], [a].[TwoFactorEnabled], [a].[UserName]
FROM [AspNetUsers] AS [a]
WHERE [a].[Id] = @__p_0]
[INFO] - [16] - [?] - [Executed DbCommand (3ms) [Parameters=[@__user_Id_0='?' (DbType = Int32)], CommandType='Text', CommandTimeout='30']
SELECT [a].[Id], [a].[ClaimType], [a].[ClaimValue], [a].[UserId]
FROM [AspNetUserClaims] AS [a]
WHERE [a].[UserId] = @__user_Id_0]
[INFO] - [16] - [?] - [Executed DbCommand (2ms) [Parameters=[@__userId_0='?' (DbType = Int32)], CommandType='Text', CommandTimeout='30']
SELECT [a0].[Name]
FROM [AspNetUserRoles] AS [a]
INNER JOIN [AspNetRoles] AS [a0] ON [a].[RoleId] = [a0].[Id]
WHERE [a].[UserId] = @__userId_0]
[INFO] - [16] - [?] - [Executed DbCommand (0ms) [Parameters=[@__normalizedName_0='?' (Size = 256)], CommandType='Text', CommandTimeout='30']
SELECT TOP(1) [a].[Id], [a].[ConcurrencyStamp], [a].[Name], [a].[NormalizedName]
FROM [AspNetRoles] AS [a]
WHERE [a].[NormalizedName] = @__normalizedName_0]
[INFO] - [9] - [?] - [Executed DbCommand (1ms) [Parameters=[@__role_Id_0='?' (DbType = Int32)], CommandType='Text', CommandTimeout='30']
SELECT [a].[ClaimType], [a].[ClaimValue]
FROM [AspNetRoleClaims] AS [a]
WHERE [a].[RoleId] = @__role_Id_0]
[WARN] - [9] - [?] - [Compiling a query which loads related collections for more than one collection navigation, either via 'Include' or through projection, but no 'QuerySplittingBehavior' has been configured. By default, Entity Framework will use 'QuerySplittingBehavior.SingleQuery', which can potentially result in slow query performance. See https://go.microsoft.com/fwlink/?linkid=2134277 for more information. To identify the query that's triggering this warning call 'ConfigureWarnings(w => w.Throw(RelationalEventId.MultipleCollectionIncludeWarning))'.]
[INFO] - [9] - [?] - [Executed DbCommand (6ms) [Parameters=[@__p_0='?' (DbType = Int32), @__p_1='?' (DbType = Int32)], CommandType='Text', CommandTimeout='30']
SELECT [p0].[Id], [p0].[AppUserId], [p0].[Body], [p0].[CreatedAt], [p0].[PostStatus], [p0].[Title], [a].[Id], [c].[Id], [c].[AppUserId], [c].[PostId], [c].[Text], [c].[Time], [r].[Id], [r].[AppUserId], [r].[PostId], [r].[ReactType], [a].[AccessFailedCount], [a].[ConcurrencyStamp], [a].[Email], [a].[EmailConfirmed], [a].[LockoutEnabled], [a].[LockoutEnd], [a].[Name], [a].[NormalizedEmail], [a].[NormalizedUserName], [a].[PasswordHash], [a].[PhoneNumber], [a].[PhoneNumberConfirmed], [a].[Role], [a].[SecurityStamp], [a].[TwoFactorEnabled], [a].[UserName]
FROM (
    SELECT [p].[Id], [p].[AppUserId], [p].[Body], [p].[CreatedAt], [p].[PostStatus], [p].[Title]
    FROM [Posts] AS [p]
    WHERE [p].[PostStatus] = 10
    ORDER BY [p].[CreatedAt] DESC
    OFFSET @__p_0 ROWS FETCH NEXT @__p_1 ROWS ONLY
) AS [p0]
INNER JOIN [AspNetUsers] AS [a] ON [p0].[AppUserId] = [a].[Id]
LEFT JOIN [Comments] AS [c] ON [p0].[Id] = [c].[PostId]
LEFT JOIN [Reactions] AS [r] ON [p0].[Id] = [r].[PostId]
ORDER BY [p0].[CreatedAt] DESC, [p0].[Id], [a].[Id], [c].[Id]]
[INFO] - [9] - [?] - [Executed DbCommand (1ms) [Parameters=[], CommandType='Text', CommandTimeout='30']
SELECT COUNT(*)
FROM [Posts] AS [p]]
[INFO] - [9] - [SimpleBlog.Presentation.Areas.User.Controllers.HomeController.Index(C:\Users\OPL-PC\Desktop\SimpleBlog\SimpleBlog\SimpleBlog.Presentation\Areas\User\Controllers\HomeController.cs:39)] - [Page Load]
[WARN] - [27] - [?] - [Compiling a query which loads related collections for more than one collection navigation, either via 'Include' or through projection, but no 'QuerySplittingBehavior' has been configured. By default, Entity Framework will use 'QuerySplittingBehavior.SingleQuery', which can potentially result in slow query performance. See https://go.microsoft.com/fwlink/?linkid=2134277 for more information. To identify the query that's triggering this warning call 'ConfigureWarnings(w => w.Throw(RelationalEventId.MultipleCollectionIncludeWarning))'.]
[INFO] - [27] - [?] - [Executed DbCommand (5ms) [Parameters=[@__id_0='?' (DbType = Int32)], CommandType='Text', CommandTimeout='30']
SELECT [s].[Id], [s].[AppUserId], [s].[Body], [s].[CreatedAt], [s].[PostStatus], [s].[Title], [s].[Id0], [r].[Id], [r].[AppUserId], [r].[PostId], [r].[ReactType], [s].[AccessFailedCount], [s].[ConcurrencyStamp], [s].[Email], [s].[EmailConfirmed], [s].[LockoutEnabled], [s].[LockoutEnd], [s].[Name], [s].[NormalizedEmail], [s].[NormalizedUserName], [s].[PasswordHash], [s].[PhoneNumber], [s].[PhoneNumberConfirmed], [s].[Role], [s].[SecurityStamp], [s].[TwoFactorEnabled], [s].[UserName], [s0].[Id], [s0].[AppUserId], [s0].[PostId], [s0].[Text], [s0].[Time], [s0].[Id0], [s0].[AccessFailedCount], [s0].[ConcurrencyStamp], [s0].[Email], [s0].[EmailConfirmed], [s0].[LockoutEnabled], [s0].[LockoutEnd], [s0].[Name], [s0].[NormalizedEmail], [s0].[NormalizedUserName], [s0].[PasswordHash], [s0].[PhoneNumber], [s0].[PhoneNumberConfirmed], [s0].[Role], [s0].[SecurityStamp], [s0].[TwoFactorEnabled], [s0].[UserName]
FROM (
    SELECT TOP(1) [p].[Id], [p].[AppUserId], [p].[Body], [p].[CreatedAt], [p].[PostStatus], [p].[Title], [a].[Id] AS [Id0], [a].[AccessFailedCount], [a].[ConcurrencyStamp], [a].[Email], [a].[EmailConfirmed], [a].[LockoutEnabled], [a].[LockoutEnd], [a].[Name], [a].[NormalizedEmail], [a].[NormalizedUserName], [a].[PasswordHash], [a].[PhoneNumber], [a].[PhoneNumberConfirmed], [a].[Role], [a].[SecurityStamp], [a].[TwoFactorEnabled], [a].[UserName]
    FROM [Posts] AS [p]
    INNER JOIN [AspNetUsers] AS [a] ON [p].[AppUserId] = [a].[Id]
    WHERE [p].[Id] = @__id_0
) AS [s]
LEFT JOIN [Reactions] AS [r] ON [s].[Id] = [r].[PostId]
LEFT JOIN (
    SELECT [c].[Id], [c].[AppUserId], [c].[PostId], [c].[Text], [c].[Time], [a0].[Id] AS [Id0], [a0].[AccessFailedCount], [a0].[ConcurrencyStamp], [a0].[Email], [a0].[EmailConfirmed], [a0].[LockoutEnabled], [a0].[LockoutEnd], [a0].[Name], [a0].[NormalizedEmail], [a0].[NormalizedUserName], [a0].[PasswordHash], [a0].[PhoneNumber], [a0].[PhoneNumberConfirmed], [a0].[Role], [a0].[SecurityStamp], [a0].[TwoFactorEnabled], [a0].[UserName]
    FROM [Comments] AS [c]
    INNER JOIN [AspNetUsers] AS [a0] ON [c].[AppUserId] = [a0].[Id]
) AS [s0] ON [s].[Id] = [s0].[PostId]
ORDER BY [s].[Id], [s].[Id0], [r].[Id], [s0].[Id]]
[INFO] - [5] - [?] - [Executed DbCommand (1ms) [Parameters=[@__p_0='?' (DbType = Int32), @__p_1='?' (DbType = Int32)], CommandType='Text', CommandTimeout='30']
SELECT [p0].[Id], [p0].[AppUserId], [p0].[Body], [p0].[CreatedAt], [p0].[PostStatus], [p0].[Title], [a].[Id], [c].[Id], [c].[AppUserId], [c].[PostId], [c].[Text], [c].[Time], [r].[Id], [r].[AppUserId], [r].[PostId], [r].[ReactType], [a].[AccessFailedCount], [a].[ConcurrencyStamp], [a].[Email], [a].[EmailConfirmed], [a].[LockoutEnabled], [a].[LockoutEnd], [a].[Name], [a].[NormalizedEmail], [a].[NormalizedUserName], [a].[PasswordHash], [a].[PhoneNumber], [a].[PhoneNumberConfirmed], [a].[Role], [a].[SecurityStamp], [a].[TwoFactorEnabled], [a].[UserName]
FROM (
    SELECT [p].[Id], [p].[AppUserId], [p].[Body], [p].[CreatedAt], [p].[PostStatus], [p].[Title]
    FROM [Posts] AS [p]
    WHERE [p].[PostStatus] = 10
    ORDER BY [p].[CreatedAt] DESC
    OFFSET @__p_0 ROWS FETCH NEXT @__p_1 ROWS ONLY
) AS [p0]
INNER JOIN [AspNetUsers] AS [a] ON [p0].[AppUserId] = [a].[Id]
LEFT JOIN [Comments] AS [c] ON [p0].[Id] = [c].[PostId]
LEFT JOIN [Reactions] AS [r] ON [p0].[Id] = [r].[PostId]
ORDER BY [p0].[CreatedAt] DESC, [p0].[Id], [a].[Id], [c].[Id]]
[INFO] - [5] - [?] - [Executed DbCommand (0ms) [Parameters=[], CommandType='Text', CommandTimeout='30']
SELECT COUNT(*)
FROM [Posts] AS [p]]
[INFO] - [5] - [SimpleBlog.Presentation.Areas.User.Controllers.HomeController.Index(C:\Users\OPL-PC\Desktop\SimpleBlog\SimpleBlog\SimpleBlog.Presentation\Areas\User\Controllers\HomeController.cs:39)] - [Page Load]
[INFO] - [23] - [?] - [Executed DbCommand (0ms) [Parameters=[@__id_0='?' (DbType = Int32)], CommandType='Text', CommandTimeout='30']
SELECT [s].[Id], [s].[AppUserId], [s].[Body], [s].[CreatedAt], [s].[PostStatus], [s].[Title], [s].[Id0], [r].[Id], [r].[AppUserId], [r].[PostId], [r].[ReactType], [s].[AccessFailedCount], [s].[ConcurrencyStamp], [s].[Email], [s].[EmailConfirmed], [s].[LockoutEnabled], [s].[LockoutEnd], [s].[Name], [s].[NormalizedEmail], [s].[NormalizedUserName], [s].[PasswordHash], [s].[PhoneNumber], [s].[PhoneNumberConfirmed], [s].[Role], [s].[SecurityStamp], [s].[TwoFactorEnabled], [s].[UserName], [s0].[Id], [s0].[AppUserId], [s0].[PostId], [s0].[Text], [s0].[Time], [s0].[Id0], [s0].[AccessFailedCount], [s0].[ConcurrencyStamp], [s0].[Email], [s0].[EmailConfirmed], [s0].[LockoutEnabled], [s0].[LockoutEnd], [s0].[Name], [s0].[NormalizedEmail], [s0].[NormalizedUserName], [s0].[PasswordHash], [s0].[PhoneNumber], [s0].[PhoneNumberConfirmed], [s0].[Role], [s0].[SecurityStamp], [s0].[TwoFactorEnabled], [s0].[UserName]
FROM (
    SELECT TOP(1) [p].[Id], [p].[AppUserId], [p].[Body], [p].[CreatedAt], [p].[PostStatus], [p].[Title], [a].[Id] AS [Id0], [a].[AccessFailedCount], [a].[ConcurrencyStamp], [a].[Email], [a].[EmailConfirmed], [a].[LockoutEnabled], [a].[LockoutEnd], [a].[Name], [a].[NormalizedEmail], [a].[NormalizedUserName], [a].[PasswordHash], [a].[PhoneNumber], [a].[PhoneNumberConfirmed], [a].[Role], [a].[SecurityStamp], [a].[TwoFactorEnabled], [a].[UserName]
    FROM [Posts] AS [p]
    INNER JOIN [AspNetUsers] AS [a] ON [p].[AppUserId] = [a].[Id]
    WHERE [p].[Id] = @__id_0
) AS [s]
LEFT JOIN [Reactions] AS [r] ON [s].[Id] = [r].[PostId]
LEFT JOIN (
    SELECT [c].[Id], [c].[AppUserId], [c].[PostId], [c].[Text], [c].[Time], [a0].[Id] AS [Id0], [a0].[AccessFailedCount], [a0].[ConcurrencyStamp], [a0].[Email], [a0].[EmailConfirmed], [a0].[LockoutEnabled], [a0].[LockoutEnd], [a0].[Name], [a0].[NormalizedEmail], [a0].[NormalizedUserName], [a0].[PasswordHash], [a0].[PhoneNumber], [a0].[PhoneNumberConfirmed], [a0].[Role], [a0].[SecurityStamp], [a0].[TwoFactorEnabled], [a0].[UserName]
    FROM [Comments] AS [c]
    INNER JOIN [AspNetUsers] AS [a0] ON [c].[AppUserId] = [a0].[Id]
) AS [s0] ON [s].[Id] = [s0].[PostId]
ORDER BY [s].[Id], [s].[Id0], [r].[Id], [s0].[Id]]
[INFO] - [22] - [?] - [Executed DbCommand (1ms) [Parameters=[@__p_0='?' (DbType = Int32), @__p_1='?' (DbType = Int32)], CommandType='Text', CommandTimeout='30']
SELECT [p0].[Id], [p0].[AppUserId], [p0].[Body], [p0].[CreatedAt], [p0].[PostStatus], [p0].[Title], [a].[Id], [c].[Id], [c].[AppUserId], [c].[PostId], [c].[Text], [c].[Time], [r].[Id], [r].[AppUserId], [r].[PostId], [r].[ReactType], [a].[AccessFailedCount], [a].[ConcurrencyStamp], [a].[Email], [a].[EmailConfirmed], [a].[LockoutEnabled], [a].[LockoutEnd], [a].[Name], [a].[NormalizedEmail], [a].[NormalizedUserName], [a].[PasswordHash], [a].[PhoneNumber], [a].[PhoneNumberConfirmed], [a].[Role], [a].[SecurityStamp], [a].[TwoFactorEnabled], [a].[UserName]
FROM (
    SELECT [p].[Id], [p].[AppUserId], [p].[Body], [p].[CreatedAt], [p].[PostStatus], [p].[Title]
    FROM [Posts] AS [p]
    WHERE [p].[PostStatus] = 10
    ORDER BY [p].[CreatedAt] DESC
    OFFSET @__p_0 ROWS FETCH NEXT @__p_1 ROWS ONLY
) AS [p0]
INNER JOIN [AspNetUsers] AS [a] ON [p0].[AppUserId] = [a].[Id]
LEFT JOIN [Comments] AS [c] ON [p0].[Id] = [c].[PostId]
LEFT JOIN [Reactions] AS [r] ON [p0].[Id] = [r].[PostId]
ORDER BY [p0].[CreatedAt] DESC, [p0].[Id], [a].[Id], [c].[Id]]
[INFO] - [22] - [?] - [Executed DbCommand (0ms) [Parameters=[], CommandType='Text', CommandTimeout='30']
SELECT COUNT(*)
FROM [Posts] AS [p]]
[INFO] - [22] - [SimpleBlog.Presentation.Areas.User.Controllers.HomeController.Index(C:\Users\OPL-PC\Desktop\SimpleBlog\SimpleBlog\SimpleBlog.Presentation\Areas\User\Controllers\HomeController.cs:39)] - [Page Load]
[WARN] - [25] - [?] - [Compiling a query which loads related collections for more than one collection navigation, either via 'Include' or through projection, but no 'QuerySplittingBehavior' has been configured. By default, Entity Framework will use 'QuerySplittingBehavior.SingleQuery', which can potentially result in slow query performance. See https://go.microsoft.com/fwlink/?linkid=2134277 for more information. To identify the query that's triggering this warning call 'ConfigureWarnings(w => w.Throw(RelationalEventId.MultipleCollectionIncludeWarning))'.]
[INFO] - [25] - [?] - [Executed DbCommand (8ms) [Parameters=[@__p_0='?' (DbType = Int32)], CommandType='Text', CommandTimeout='30']
SELECT [p0].[Id], [p0].[AppUserId], [p0].[Body], [p0].[CreatedAt], [p0].[PostStatus], [p0].[Title], [a].[Id], [c0].[Id], [c0].[AppUserId], [c0].[PostId], [c0].[Text], [c0].[Time], [r0].[Id], [r0].[AppUserId], [r0].[PostId], [r0].[ReactType], [a].[AccessFailedCount], [a].[ConcurrencyStamp], [a].[Email], [a].[EmailConfirmed], [a].[LockoutEnabled], [a].[LockoutEnd], [a].[Name], [a].[NormalizedEmail], [a].[NormalizedUserName], [a].[PasswordHash], [a].[PhoneNumber], [a].[PhoneNumberConfirmed], [a].[Role], [a].[SecurityStamp], [a].[TwoFactorEnabled], [a].[UserName]
FROM (
    SELECT TOP(@__p_0) [p].[Id], [p].[AppUserId], [p].[Body], [p].[CreatedAt], [p].[PostStatus], [p].[Title], (
        SELECT COUNT(*)
        FROM [Reactions] AS [r]
        WHERE [p].[Id] = [r].[PostId]) + (
        SELECT COUNT(*)
        FROM [Comments] AS [c]
        WHERE [p].[Id] = [c].[PostId]) AS [c]
    FROM [Posts] AS [p]
    ORDER BY (
        SELECT COUNT(*)
        FROM [Reactions] AS [r]
        WHERE [p].[Id] = [r].[PostId]) + (
        SELECT COUNT(*)
        FROM [Comments] AS [c]
        WHERE [p].[Id] = [c].[PostId]) DESC
) AS [p0]
INNER JOIN [AspNetUsers] AS [a] ON [p0].[AppUserId] = [a].[Id]
LEFT JOIN [Comments] AS [c0] ON [p0].[Id] = [c0].[PostId]
LEFT JOIN [Reactions] AS [r0] ON [p0].[Id] = [r0].[PostId]
ORDER BY [p0].[c] DESC, [p0].[Id], [a].[Id], [c0].[Id]]
[INFO] - [9] - [?] - [Executed DbCommand (0ms) [Parameters=[@__id_0='?' (DbType = Int32)], CommandType='Text', CommandTimeout='30']
SELECT [s].[Id], [s].[AppUserId], [s].[Body], [s].[CreatedAt], [s].[PostStatus], [s].[Title], [s].[Id0], [r].[Id], [r].[AppUserId], [r].[PostId], [r].[ReactType], [s].[AccessFailedCount], [s].[ConcurrencyStamp], [s].[Email], [s].[EmailConfirmed], [s].[LockoutEnabled], [s].[LockoutEnd], [s].[Name], [s].[NormalizedEmail], [s].[NormalizedUserName], [s].[PasswordHash], [s].[PhoneNumber], [s].[PhoneNumberConfirmed], [s].[Role], [s].[SecurityStamp], [s].[TwoFactorEnabled], [s].[UserName], [s0].[Id], [s0].[AppUserId], [s0].[PostId], [s0].[Text], [s0].[Time], [s0].[Id0], [s0].[AccessFailedCount], [s0].[ConcurrencyStamp], [s0].[Email], [s0].[EmailConfirmed], [s0].[LockoutEnabled], [s0].[LockoutEnd], [s0].[Name], [s0].[NormalizedEmail], [s0].[NormalizedUserName], [s0].[PasswordHash], [s0].[PhoneNumber], [s0].[PhoneNumberConfirmed], [s0].[Role], [s0].[SecurityStamp], [s0].[TwoFactorEnabled], [s0].[UserName]
FROM (
    SELECT TOP(1) [p].[Id], [p].[AppUserId], [p].[Body], [p].[CreatedAt], [p].[PostStatus], [p].[Title], [a].[Id] AS [Id0], [a].[AccessFailedCount], [a].[ConcurrencyStamp], [a].[Email], [a].[EmailConfirmed], [a].[LockoutEnabled], [a].[LockoutEnd], [a].[Name], [a].[NormalizedEmail], [a].[NormalizedUserName], [a].[PasswordHash], [a].[PhoneNumber], [a].[PhoneNumberConfirmed], [a].[Role], [a].[SecurityStamp], [a].[TwoFactorEnabled], [a].[UserName]
    FROM [Posts] AS [p]
    INNER JOIN [AspNetUsers] AS [a] ON [p].[AppUserId] = [a].[Id]
    WHERE [p].[Id] = @__id_0
) AS [s]
LEFT JOIN [Reactions] AS [r] ON [s].[Id] = [r].[PostId]
LEFT JOIN (
    SELECT [c].[Id], [c].[AppUserId], [c].[PostId], [c].[Text], [c].[Time], [a0].[Id] AS [Id0], [a0].[AccessFailedCount], [a0].[ConcurrencyStamp], [a0].[Email], [a0].[EmailConfirmed], [a0].[LockoutEnabled], [a0].[LockoutEnd], [a0].[Name], [a0].[NormalizedEmail], [a0].[NormalizedUserName], [a0].[PasswordHash], [a0].[PhoneNumber], [a0].[PhoneNumberConfirmed], [a0].[Role], [a0].[SecurityStamp], [a0].[TwoFactorEnabled], [a0].[UserName]
    FROM [Comments] AS [c]
    INNER JOIN [AspNetUsers] AS [a0] ON [c].[AppUserId] = [a0].[Id]
) AS [s0] ON [s].[Id] = [s0].[PostId]
ORDER BY [s].[Id], [s].[Id0], [r].[Id], [s0].[Id]]
[INFO] - [28] - [?] - [Executed DbCommand (0ms) [Parameters=[@__p_0='?' (DbType = Int32)], CommandType='Text', CommandTimeout='30']
SELECT TOP(1) [a].[Id], [a].[AccessFailedCount], [a].[ConcurrencyStamp], [a].[Email], [a].[EmailConfirmed], [a].[LockoutEnabled], [a].[LockoutEnd], [a].[Name], [a].[NormalizedEmail], [a].[NormalizedUserName], [a].[PasswordHash], [a].[PhoneNumber], [a].[PhoneNumberConfirmed], [a].[Role], [a].[SecurityStamp], [a].[TwoFactorEnabled], [a].[UserName]
FROM [AspNetUsers] AS [a]
WHERE [a].[Id] = @__p_0]
[INFO] - [27] - [?] - [Executed DbCommand (3ms) [Parameters=[@p0='?' (DbType = Int32), @p1='?' (DbType = Int32), @p2='?' (Size = 4000), @p3='?' (DbType = DateTime2)], CommandType='Text', CommandTimeout='30']
SET IMPLICIT_TRANSACTIONS OFF;
SET NOCOUNT ON;
INSERT INTO [Comments] ([AppUserId], [PostId], [Text], [Time])
OUTPUT INSERTED.[Id]
VALUES (@p0, @p1, @p2, @p3);]
[INFO] - [27] - [?] - [Executed DbCommand (0ms) [Parameters=[@__id_0='?' (DbType = Int32)], CommandType='Text', CommandTimeout='30']
SELECT [s].[Id], [s].[AppUserId], [s].[Body], [s].[CreatedAt], [s].[PostStatus], [s].[Title], [s].[Id0], [r].[Id], [r].[AppUserId], [r].[PostId], [r].[ReactType], [s].[AccessFailedCount], [s].[ConcurrencyStamp], [s].[Email], [s].[EmailConfirmed], [s].[LockoutEnabled], [s].[LockoutEnd], [s].[Name], [s].[NormalizedEmail], [s].[NormalizedUserName], [s].[PasswordHash], [s].[PhoneNumber], [s].[PhoneNumberConfirmed], [s].[Role], [s].[SecurityStamp], [s].[TwoFactorEnabled], [s].[UserName], [s0].[Id], [s0].[AppUserId], [s0].[PostId], [s0].[Text], [s0].[Time], [s0].[Id0], [s0].[AccessFailedCount], [s0].[ConcurrencyStamp], [s0].[Email], [s0].[EmailConfirmed], [s0].[LockoutEnabled], [s0].[LockoutEnd], [s0].[Name], [s0].[NormalizedEmail], [s0].[NormalizedUserName], [s0].[PasswordHash], [s0].[PhoneNumber], [s0].[PhoneNumberConfirmed], [s0].[Role], [s0].[SecurityStamp], [s0].[TwoFactorEnabled], [s0].[UserName]
FROM (
    SELECT TOP(1) [p].[Id], [p].[AppUserId], [p].[Body], [p].[CreatedAt], [p].[PostStatus], [p].[Title], [a].[Id] AS [Id0], [a].[AccessFailedCount], [a].[ConcurrencyStamp], [a].[Email], [a].[EmailConfirmed], [a].[LockoutEnabled], [a].[LockoutEnd], [a].[Name], [a].[NormalizedEmail], [a].[NormalizedUserName], [a].[PasswordHash], [a].[PhoneNumber], [a].[PhoneNumberConfirmed], [a].[Role], [a].[SecurityStamp], [a].[TwoFactorEnabled], [a].[UserName]
    FROM [Posts] AS [p]
    INNER JOIN [AspNetUsers] AS [a] ON [p].[AppUserId] = [a].[Id]
    WHERE [p].[Id] = @__id_0
) AS [s]
LEFT JOIN [Reactions] AS [r] ON [s].[Id] = [r].[PostId]
LEFT JOIN (
    SELECT [c].[Id], [c].[AppUserId], [c].[PostId], [c].[Text], [c].[Time], [a0].[Id] AS [Id0], [a0].[AccessFailedCount], [a0].[ConcurrencyStamp], [a0].[Email], [a0].[EmailConfirmed], [a0].[LockoutEnabled], [a0].[LockoutEnd], [a0].[Name], [a0].[NormalizedEmail], [a0].[NormalizedUserName], [a0].[PasswordHash], [a0].[PhoneNumber], [a0].[PhoneNumberConfirmed], [a0].[Role], [a0].[SecurityStamp], [a0].[TwoFactorEnabled], [a0].[UserName]
    FROM [Comments] AS [c]
    INNER JOIN [AspNetUsers] AS [a0] ON [c].[AppUserId] = [a0].[Id]
) AS [s0] ON [s].[Id] = [s0].[PostId]
ORDER BY [s].[Id], [s].[Id0], [r].[Id], [s0].[Id]]
[INFO] - [28] - [?] - [Executed DbCommand (1ms) [Parameters=[@__p_0='?' (DbType = Int32), @__p_1='?' (DbType = Int32)], CommandType='Text', CommandTimeout='30']
SELECT [p0].[Id], [p0].[AppUserId], [p0].[Body], [p0].[CreatedAt], [p0].[PostStatus], [p0].[Title], [a].[Id], [c].[Id], [c].[AppUserId], [c].[PostId], [c].[Text], [c].[Time], [r].[Id], [r].[AppUserId], [r].[PostId], [r].[ReactType], [a].[AccessFailedCount], [a].[ConcurrencyStamp], [a].[Email], [a].[EmailConfirmed], [a].[LockoutEnabled], [a].[LockoutEnd], [a].[Name], [a].[NormalizedEmail], [a].[NormalizedUserName], [a].[PasswordHash], [a].[PhoneNumber], [a].[PhoneNumberConfirmed], [a].[Role], [a].[SecurityStamp], [a].[TwoFactorEnabled], [a].[UserName]
FROM (
    SELECT [p].[Id], [p].[AppUserId], [p].[Body], [p].[CreatedAt], [p].[PostStatus], [p].[Title]
    FROM [Posts] AS [p]
    WHERE [p].[PostStatus] = 10
    ORDER BY [p].[CreatedAt] DESC
    OFFSET @__p_0 ROWS FETCH NEXT @__p_1 ROWS ONLY
) AS [p0]
INNER JOIN [AspNetUsers] AS [a] ON [p0].[AppUserId] = [a].[Id]
LEFT JOIN [Comments] AS [c] ON [p0].[Id] = [c].[PostId]
LEFT JOIN [Reactions] AS [r] ON [p0].[Id] = [r].[PostId]
ORDER BY [p0].[CreatedAt] DESC, [p0].[Id], [a].[Id], [c].[Id]]
[INFO] - [28] - [?] - [Executed DbCommand (0ms) [Parameters=[], CommandType='Text', CommandTimeout='30']
SELECT COUNT(*)
FROM [Posts] AS [p]]
[INFO] - [28] - [SimpleBlog.Presentation.Areas.User.Controllers.HomeController.Index(C:\Users\OPL-PC\Desktop\SimpleBlog\SimpleBlog\SimpleBlog.Presentation\Areas\User\Controllers\HomeController.cs:39)] - [Page Load]
[INFO] - [1] - [?] - [Executed DbCommand (12ms) [Parameters=[], CommandType='Text', CommandTimeout='30']
SELECT 1]
[INFO] - [1] - [?] - [Executed DbCommand (8ms) [Parameters=[], CommandType='Text', CommandTimeout='30']
SELECT OBJECT_ID(N'[__EFMigrationsHistory]');]
[INFO] - [1] - [?] - [Executed DbCommand (5ms) [Parameters=[], CommandType='Text', CommandTimeout='30']
SELECT [MigrationId], [ProductVersion]
FROM [__EFMigrationsHistory]
ORDER BY [MigrationId];]
[INFO] - [9] - [?] - [Executed DbCommand (23ms) [Parameters=[@__normalizedName_0='?' (Size = 256)], CommandType='Text', CommandTimeout='30']
SELECT TOP(1) [a].[Id], [a].[ConcurrencyStamp], [a].[Name], [a].[NormalizedName]
FROM [AspNetRoles] AS [a]
WHERE [a].[NormalizedName] = @__normalizedName_0]
[INFO] - [1] - [?] - [Now listening on: https://localhost:7266]
[INFO] - [1] - [?] - [Now listening on: http://localhost:5272]
[INFO] - [1] - [Microsoft.Extensions.Hosting.Internal.ConsoleLifetime.OnApplicationStarted(:0)] - [Application started. Press Ctrl+C to shut down.]
[INFO] - [1] - [Microsoft.Extensions.Hosting.Internal.ConsoleLifetime.OnApplicationStarted(:0)] - [Hosting environment: Development]
[INFO] - [1] - [System.Threading.CancellationTokenSource.Invoke(:0)] - [Content root path: C:\Users\OPL-PC\Desktop\SimpleBlog\SimpleBlog\SimpleBlog.Presentation]
[WARN] - [9] - [?] - [Compiling a query which loads related collections for more than one collection navigation, either via 'Include' or through projection, but no 'QuerySplittingBehavior' has been configured. By default, Entity Framework will use 'QuerySplittingBehavior.SingleQuery', which can potentially result in slow query performance. See https://go.microsoft.com/fwlink/?linkid=2134277 for more information. To identify the query that's triggering this warning call 'ConfigureWarnings(w => w.Throw(RelationalEventId.MultipleCollectionIncludeWarning))'.]
[INFO] - [9] - [?] - [Executed DbCommand (10ms) [Parameters=[@__p_0='?' (DbType = Int32), @__p_1='?' (DbType = Int32)], CommandType='Text', CommandTimeout='30']
SELECT [p0].[Id], [p0].[AppUserId], [p0].[Body], [p0].[CreatedAt], [p0].[PostStatus], [p0].[Title], [a].[Id], [c].[Id], [c].[AppUserId], [c].[PostId], [c].[Text], [c].[Time], [r].[Id], [r].[AppUserId], [r].[PostId], [r].[ReactType], [a].[AccessFailedCount], [a].[ConcurrencyStamp], [a].[Email], [a].[EmailConfirmed], [a].[LockoutEnabled], [a].[LockoutEnd], [a].[Name], [a].[NormalizedEmail], [a].[NormalizedUserName], [a].[PasswordHash], [a].[PhoneNumber], [a].[PhoneNumberConfirmed], [a].[Role], [a].[SecurityStamp], [a].[TwoFactorEnabled], [a].[UserName]
FROM (
    SELECT [p].[Id], [p].[AppUserId], [p].[Body], [p].[CreatedAt], [p].[PostStatus], [p].[Title]
    FROM [Posts] AS [p]
    WHERE [p].[PostStatus] = 10
    ORDER BY [p].[CreatedAt] DESC
    OFFSET @__p_0 ROWS FETCH NEXT @__p_1 ROWS ONLY
) AS [p0]
INNER JOIN [AspNetUsers] AS [a] ON [p0].[AppUserId] = [a].[Id]
LEFT JOIN [Comments] AS [c] ON [p0].[Id] = [c].[PostId]
LEFT JOIN [Reactions] AS [r] ON [p0].[Id] = [r].[PostId]
ORDER BY [p0].[CreatedAt] DESC, [p0].[Id], [a].[Id], [c].[Id]]
[INFO] - [9] - [?] - [Executed DbCommand (1ms) [Parameters=[], CommandType='Text', CommandTimeout='30']
SELECT COUNT(*)
FROM [Posts] AS [p]]
[INFO] - [9] - [SimpleBlog.Presentation.Areas.User.Controllers.HomeController.Index(C:\Users\OPL-PC\Desktop\SimpleBlog\SimpleBlog\SimpleBlog.Presentation\Areas\User\Controllers\HomeController.cs:39)] - [Page Load]
[INFO] - [31] - [?] - [Executed DbCommand (1ms) [Parameters=[@__p_0='?' (DbType = Int32), @__p_1='?' (DbType = Int32)], CommandType='Text', CommandTimeout='30']
SELECT [p0].[Id], [p0].[AppUserId], [p0].[Body], [p0].[CreatedAt], [p0].[PostStatus], [p0].[Title], [a].[Id], [c].[Id], [c].[AppUserId], [c].[PostId], [c].[Text], [c].[Time], [r].[Id], [r].[AppUserId], [r].[PostId], [r].[ReactType], [a].[AccessFailedCount], [a].[ConcurrencyStamp], [a].[Email], [a].[EmailConfirmed], [a].[LockoutEnabled], [a].[LockoutEnd], [a].[Name], [a].[NormalizedEmail], [a].[NormalizedUserName], [a].[PasswordHash], [a].[PhoneNumber], [a].[PhoneNumberConfirmed], [a].[Role], [a].[SecurityStamp], [a].[TwoFactorEnabled], [a].[UserName]
FROM (
    SELECT [p].[Id], [p].[AppUserId], [p].[Body], [p].[CreatedAt], [p].[PostStatus], [p].[Title]
    FROM [Posts] AS [p]
    WHERE [p].[PostStatus] = 10
    ORDER BY [p].[CreatedAt] DESC
    OFFSET @__p_0 ROWS FETCH NEXT @__p_1 ROWS ONLY
) AS [p0]
INNER JOIN [AspNetUsers] AS [a] ON [p0].[AppUserId] = [a].[Id]
LEFT JOIN [Comments] AS [c] ON [p0].[Id] = [c].[PostId]
LEFT JOIN [Reactions] AS [r] ON [p0].[Id] = [r].[PostId]
ORDER BY [p0].[CreatedAt] DESC, [p0].[Id], [a].[Id], [c].[Id]]
[INFO] - [31] - [?] - [Executed DbCommand (0ms) [Parameters=[], CommandType='Text', CommandTimeout='30']
SELECT COUNT(*)
FROM [Posts] AS [p]]
[INFO] - [31] - [SimpleBlog.Presentation.Areas.User.Controllers.HomeController.Index(C:\Users\OPL-PC\Desktop\SimpleBlog\SimpleBlog\SimpleBlog.Presentation\Areas\User\Controllers\HomeController.cs:39)] - [Page Load]
[WARN] - [33] - [?] - [Compiling a query which loads related collections for more than one collection navigation, either via 'Include' or through projection, but no 'QuerySplittingBehavior' has been configured. By default, Entity Framework will use 'QuerySplittingBehavior.SingleQuery', which can potentially result in slow query performance. See https://go.microsoft.com/fwlink/?linkid=2134277 for more information. To identify the query that's triggering this warning call 'ConfigureWarnings(w => w.Throw(RelationalEventId.MultipleCollectionIncludeWarning))'.]
[INFO] - [33] - [?] - [Executed DbCommand (5ms) [Parameters=[@__id_0='?' (DbType = Int32)], CommandType='Text', CommandTimeout='30']
SELECT [s].[Id], [s].[AppUserId], [s].[Body], [s].[CreatedAt], [s].[PostStatus], [s].[Title], [s].[Id0], [r].[Id], [r].[AppUserId], [r].[PostId], [r].[ReactType], [s].[AccessFailedCount], [s].[ConcurrencyStamp], [s].[Email], [s].[EmailConfirmed], [s].[LockoutEnabled], [s].[LockoutEnd], [s].[Name], [s].[NormalizedEmail], [s].[NormalizedUserName], [s].[PasswordHash], [s].[PhoneNumber], [s].[PhoneNumberConfirmed], [s].[Role], [s].[SecurityStamp], [s].[TwoFactorEnabled], [s].[UserName], [s0].[Id], [s0].[AppUserId], [s0].[PostId], [s0].[Text], [s0].[Time], [s0].[Id0], [s0].[AccessFailedCount], [s0].[ConcurrencyStamp], [s0].[Email], [s0].[EmailConfirmed], [s0].[LockoutEnabled], [s0].[LockoutEnd], [s0].[Name], [s0].[NormalizedEmail], [s0].[NormalizedUserName], [s0].[PasswordHash], [s0].[PhoneNumber], [s0].[PhoneNumberConfirmed], [s0].[Role], [s0].[SecurityStamp], [s0].[TwoFactorEnabled], [s0].[UserName]
FROM (
    SELECT TOP(1) [p].[Id], [p].[AppUserId], [p].[Body], [p].[CreatedAt], [p].[PostStatus], [p].[Title], [a].[Id] AS [Id0], [a].[AccessFailedCount], [a].[ConcurrencyStamp], [a].[Email], [a].[EmailConfirmed], [a].[LockoutEnabled], [a].[LockoutEnd], [a].[Name], [a].[NormalizedEmail], [a].[NormalizedUserName], [a].[PasswordHash], [a].[PhoneNumber], [a].[PhoneNumberConfirmed], [a].[Role], [a].[SecurityStamp], [a].[TwoFactorEnabled], [a].[UserName]
    FROM [Posts] AS [p]
    INNER JOIN [AspNetUsers] AS [a] ON [p].[AppUserId] = [a].[Id]
    WHERE [p].[Id] = @__id_0
) AS [s]
LEFT JOIN [Reactions] AS [r] ON [s].[Id] = [r].[PostId]
LEFT JOIN (
    SELECT [c].[Id], [c].[AppUserId], [c].[PostId], [c].[Text], [c].[Time], [a0].[Id] AS [Id0], [a0].[AccessFailedCount], [a0].[ConcurrencyStamp], [a0].[Email], [a0].[EmailConfirmed], [a0].[LockoutEnabled], [a0].[LockoutEnd], [a0].[Name], [a0].[NormalizedEmail], [a0].[NormalizedUserName], [a0].[PasswordHash], [a0].[PhoneNumber], [a0].[PhoneNumberConfirmed], [a0].[Role], [a0].[SecurityStamp], [a0].[TwoFactorEnabled], [a0].[UserName]
    FROM [Comments] AS [c]
    INNER JOIN [AspNetUsers] AS [a0] ON [c].[AppUserId] = [a0].[Id]
) AS [s0] ON [s].[Id] = [s0].[PostId]
ORDER BY [s].[Id], [s].[Id0], [r].[Id], [s0].[Id]]
[INFO] - [33] - [?] - [Executed DbCommand (1ms) [Parameters=[@__p_0='?' (DbType = Int32), @__p_1='?' (DbType = Int32)], CommandType='Text', CommandTimeout='30']
SELECT [p0].[Id], [p0].[AppUserId], [p0].[Body], [p0].[CreatedAt], [p0].[PostStatus], [p0].[Title], [a].[Id], [c].[Id], [c].[AppUserId], [c].[PostId], [c].[Text], [c].[Time], [r].[Id], [r].[AppUserId], [r].[PostId], [r].[ReactType], [a].[AccessFailedCount], [a].[ConcurrencyStamp], [a].[Email], [a].[EmailConfirmed], [a].[LockoutEnabled], [a].[LockoutEnd], [a].[Name], [a].[NormalizedEmail], [a].[NormalizedUserName], [a].[PasswordHash], [a].[PhoneNumber], [a].[PhoneNumberConfirmed], [a].[Role], [a].[SecurityStamp], [a].[TwoFactorEnabled], [a].[UserName]
FROM (
    SELECT [p].[Id], [p].[AppUserId], [p].[Body], [p].[CreatedAt], [p].[PostStatus], [p].[Title]
    FROM [Posts] AS [p]
    WHERE [p].[PostStatus] = 10
    ORDER BY [p].[CreatedAt] DESC
    OFFSET @__p_0 ROWS FETCH NEXT @__p_1 ROWS ONLY
) AS [p0]
INNER JOIN [AspNetUsers] AS [a] ON [p0].[AppUserId] = [a].[Id]
LEFT JOIN [Comments] AS [c] ON [p0].[Id] = [c].[PostId]
LEFT JOIN [Reactions] AS [r] ON [p0].[Id] = [r].[PostId]
ORDER BY [p0].[CreatedAt] DESC, [p0].[Id], [a].[Id], [c].[Id]]
[INFO] - [33] - [?] - [Executed DbCommand (0ms) [Parameters=[], CommandType='Text', CommandTimeout='30']
SELECT COUNT(*)
FROM [Posts] AS [p]]
[INFO] - [33] - [SimpleBlog.Presentation.Areas.User.Controllers.HomeController.Index(C:\Users\OPL-PC\Desktop\SimpleBlog\SimpleBlog\SimpleBlog.Presentation\Areas\User\Controllers\HomeController.cs:39)] - [Page Load]
[WARN] - [37] - [?] - [Compiling a query which loads related collections for more than one collection navigation, either via 'Include' or through projection, but no 'QuerySplittingBehavior' has been configured. By default, Entity Framework will use 'QuerySplittingBehavior.SingleQuery', which can potentially result in slow query performance. See https://go.microsoft.com/fwlink/?linkid=2134277 for more information. To identify the query that's triggering this warning call 'ConfigureWarnings(w => w.Throw(RelationalEventId.MultipleCollectionIncludeWarning))'.]
[INFO] - [37] - [?] - [Executed DbCommand (8ms) [Parameters=[@__p_0='?' (DbType = Int32)], CommandType='Text', CommandTimeout='30']
SELECT [p0].[Id], [p0].[AppUserId], [p0].[Body], [p0].[CreatedAt], [p0].[PostStatus], [p0].[Title], [a].[Id], [c0].[Id], [c0].[AppUserId], [c0].[PostId], [c0].[Text], [c0].[Time], [r0].[Id], [r0].[AppUserId], [r0].[PostId], [r0].[ReactType], [a].[AccessFailedCount], [a].[ConcurrencyStamp], [a].[Email], [a].[EmailConfirmed], [a].[LockoutEnabled], [a].[LockoutEnd], [a].[Name], [a].[NormalizedEmail], [a].[NormalizedUserName], [a].[PasswordHash], [a].[PhoneNumber], [a].[PhoneNumberConfirmed], [a].[Role], [a].[SecurityStamp], [a].[TwoFactorEnabled], [a].[UserName]
FROM (
    SELECT TOP(@__p_0) [p].[Id], [p].[AppUserId], [p].[Body], [p].[CreatedAt], [p].[PostStatus], [p].[Title], (
        SELECT COUNT(*)
        FROM [Reactions] AS [r]
        WHERE [p].[Id] = [r].[PostId]) + (
        SELECT COUNT(*)
        FROM [Comments] AS [c]
        WHERE [p].[Id] = [c].[PostId]) AS [c]
    FROM [Posts] AS [p]
    ORDER BY (
        SELECT COUNT(*)
        FROM [Reactions] AS [r]
        WHERE [p].[Id] = [r].[PostId]) + (
        SELECT COUNT(*)
        FROM [Comments] AS [c]
        WHERE [p].[Id] = [c].[PostId]) DESC
) AS [p0]
INNER JOIN [AspNetUsers] AS [a] ON [p0].[AppUserId] = [a].[Id]
LEFT JOIN [Comments] AS [c0] ON [p0].[Id] = [c0].[PostId]
LEFT JOIN [Reactions] AS [r0] ON [p0].[Id] = [r0].[PostId]
ORDER BY [p0].[c] DESC, [p0].[Id], [a].[Id], [c0].[Id]]
[INFO] - [33] - [?] - [Executed DbCommand (1ms) [Parameters=[@__id_0='?' (DbType = Int32)], CommandType='Text', CommandTimeout='30']
SELECT [s].[Id], [s].[AppUserId], [s].[Body], [s].[CreatedAt], [s].[PostStatus], [s].[Title], [s].[Id0], [r].[Id], [r].[AppUserId], [r].[PostId], [r].[ReactType], [s].[AccessFailedCount], [s].[ConcurrencyStamp], [s].[Email], [s].[EmailConfirmed], [s].[LockoutEnabled], [s].[LockoutEnd], [s].[Name], [s].[NormalizedEmail], [s].[NormalizedUserName], [s].[PasswordHash], [s].[PhoneNumber], [s].[PhoneNumberConfirmed], [s].[Role], [s].[SecurityStamp], [s].[TwoFactorEnabled], [s].[UserName], [s0].[Id], [s0].[AppUserId], [s0].[PostId], [s0].[Text], [s0].[Time], [s0].[Id0], [s0].[AccessFailedCount], [s0].[ConcurrencyStamp], [s0].[Email], [s0].[EmailConfirmed], [s0].[LockoutEnabled], [s0].[LockoutEnd], [s0].[Name], [s0].[NormalizedEmail], [s0].[NormalizedUserName], [s0].[PasswordHash], [s0].[PhoneNumber], [s0].[PhoneNumberConfirmed], [s0].[Role], [s0].[SecurityStamp], [s0].[TwoFactorEnabled], [s0].[UserName]
FROM (
    SELECT TOP(1) [p].[Id], [p].[AppUserId], [p].[Body], [p].[CreatedAt], [p].[PostStatus], [p].[Title], [a].[Id] AS [Id0], [a].[AccessFailedCount], [a].[ConcurrencyStamp], [a].[Email], [a].[EmailConfirmed], [a].[LockoutEnabled], [a].[LockoutEnd], [a].[Name], [a].[NormalizedEmail], [a].[NormalizedUserName], [a].[PasswordHash], [a].[PhoneNumber], [a].[PhoneNumberConfirmed], [a].[Role], [a].[SecurityStamp], [a].[TwoFactorEnabled], [a].[UserName]
    FROM [Posts] AS [p]
    INNER JOIN [AspNetUsers] AS [a] ON [p].[AppUserId] = [a].[Id]
    WHERE [p].[Id] = @__id_0
) AS [s]
LEFT JOIN [Reactions] AS [r] ON [s].[Id] = [r].[PostId]
LEFT JOIN (
    SELECT [c].[Id], [c].[AppUserId], [c].[PostId], [c].[Text], [c].[Time], [a0].[Id] AS [Id0], [a0].[AccessFailedCount], [a0].[ConcurrencyStamp], [a0].[Email], [a0].[EmailConfirmed], [a0].[LockoutEnabled], [a0].[LockoutEnd], [a0].[Name], [a0].[NormalizedEmail], [a0].[NormalizedUserName], [a0].[PasswordHash], [a0].[PhoneNumber], [a0].[PhoneNumberConfirmed], [a0].[Role], [a0].[SecurityStamp], [a0].[TwoFactorEnabled], [a0].[UserName]
    FROM [Comments] AS [c]
    INNER JOIN [AspNetUsers] AS [a0] ON [c].[AppUserId] = [a0].[Id]
) AS [s0] ON [s].[Id] = [s0].[PostId]
ORDER BY [s].[Id], [s].[Id0], [r].[Id], [s0].[Id]]
[INFO] - [36] - [?] - [Executed DbCommand (0ms) [Parameters=[@__p_0='?' (DbType = Int32), @__p_1='?' (DbType = Int32)], CommandType='Text', CommandTimeout='30']
SELECT [p0].[Id], [p0].[AppUserId], [p0].[Body], [p0].[CreatedAt], [p0].[PostStatus], [p0].[Title], [a].[Id], [c].[Id], [c].[AppUserId], [c].[PostId], [c].[Text], [c].[Time], [r].[Id], [r].[AppUserId], [r].[PostId], [r].[ReactType], [a].[AccessFailedCount], [a].[ConcurrencyStamp], [a].[Email], [a].[EmailConfirmed], [a].[LockoutEnabled], [a].[LockoutEnd], [a].[Name], [a].[NormalizedEmail], [a].[NormalizedUserName], [a].[PasswordHash], [a].[PhoneNumber], [a].[PhoneNumberConfirmed], [a].[Role], [a].[SecurityStamp], [a].[TwoFactorEnabled], [a].[UserName]
FROM (
    SELECT [p].[Id], [p].[AppUserId], [p].[Body], [p].[CreatedAt], [p].[PostStatus], [p].[Title]
    FROM [Posts] AS [p]
    WHERE [p].[PostStatus] = 10
    ORDER BY [p].[CreatedAt] DESC
    OFFSET @__p_0 ROWS FETCH NEXT @__p_1 ROWS ONLY
) AS [p0]
INNER JOIN [AspNetUsers] AS [a] ON [p0].[AppUserId] = [a].[Id]
LEFT JOIN [Comments] AS [c] ON [p0].[Id] = [c].[PostId]
LEFT JOIN [Reactions] AS [r] ON [p0].[Id] = [r].[PostId]
ORDER BY [p0].[CreatedAt] DESC, [p0].[Id], [a].[Id], [c].[Id]]
[INFO] - [36] - [?] - [Executed DbCommand (0ms) [Parameters=[], CommandType='Text', CommandTimeout='30']
SELECT COUNT(*)
FROM [Posts] AS [p]]
[INFO] - [36] - [SimpleBlog.Presentation.Areas.User.Controllers.HomeController.Index(C:\Users\OPL-PC\Desktop\SimpleBlog\SimpleBlog\SimpleBlog.Presentation\Areas\User\Controllers\HomeController.cs:39)] - [Page Load]
[INFO] - [33] - [?] - [Executed DbCommand (1ms) [Parameters=[@__p_0='?' (DbType = Int32)], CommandType='Text', CommandTimeout='30']
SELECT TOP(1) [a].[Id], [a].[AccessFailedCount], [a].[ConcurrencyStamp], [a].[Email], [a].[EmailConfirmed], [a].[LockoutEnabled], [a].[LockoutEnd], [a].[Name], [a].[NormalizedEmail], [a].[NormalizedUserName], [a].[PasswordHash], [a].[PhoneNumber], [a].[PhoneNumberConfirmed], [a].[Role], [a].[SecurityStamp], [a].[TwoFactorEnabled], [a].[UserName]
FROM [AspNetUsers] AS [a]
WHERE [a].[Id] = @__p_0]
[INFO] - [33] - [?] - [Executed DbCommand (1ms) [Parameters=[@__currentUser_Id_0='?' (DbType = Int32)], CommandType='Text', CommandTimeout='30']
SELECT [a].[Id], [a].[AccessFailedCount], [a].[ConcurrencyStamp], [a].[Email], [a].[EmailConfirmed], [a].[LockoutEnabled], [a].[LockoutEnd], [a].[Name], [a].[NormalizedEmail], [a].[NormalizedUserName], [a].[PasswordHash], [a].[PhoneNumber], [a].[PhoneNumberConfirmed], [a].[Role], [a].[SecurityStamp], [a].[TwoFactorEnabled], [a].[UserName]
FROM [AspNetUsers] AS [a]
WHERE [a].[Id] <> @__currentUser_Id_0]
[INFO] - [37] - [?] - [Executed DbCommand (1ms) [Parameters=[@__p_0='?' (DbType = Int32)], CommandType='Text', CommandTimeout='30']
SELECT [p0].[Id], [p0].[AppUserId], [p0].[Body], [p0].[CreatedAt], [p0].[PostStatus], [p0].[Title], [a].[Id], [c0].[Id], [c0].[AppUserId], [c0].[PostId], [c0].[Text], [c0].[Time], [r0].[Id], [r0].[AppUserId], [r0].[PostId], [r0].[ReactType], [a].[AccessFailedCount], [a].[ConcurrencyStamp], [a].[Email], [a].[EmailConfirmed], [a].[LockoutEnabled], [a].[LockoutEnd], [a].[Name], [a].[NormalizedEmail], [a].[NormalizedUserName], [a].[PasswordHash], [a].[PhoneNumber], [a].[PhoneNumberConfirmed], [a].[Role], [a].[SecurityStamp], [a].[TwoFactorEnabled], [a].[UserName]
FROM (
    SELECT TOP(@__p_0) [p].[Id], [p].[AppUserId], [p].[Body], [p].[CreatedAt], [p].[PostStatus], [p].[Title], (
        SELECT COUNT(*)
        FROM [Reactions] AS [r]
        WHERE [p].[Id] = [r].[PostId]) + (
        SELECT COUNT(*)
        FROM [Comments] AS [c]
        WHERE [p].[Id] = [c].[PostId]) AS [c]
    FROM [Posts] AS [p]
    ORDER BY (
        SELECT COUNT(*)
        FROM [Reactions] AS [r]
        WHERE [p].[Id] = [r].[PostId]) + (
        SELECT COUNT(*)
        FROM [Comments] AS [c]
        WHERE [p].[Id] = [c].[PostId]) DESC
) AS [p0]
INNER JOIN [AspNetUsers] AS [a] ON [p0].[AppUserId] = [a].[Id]
LEFT JOIN [Comments] AS [c0] ON [p0].[Id] = [c0].[PostId]
LEFT JOIN [Reactions] AS [r0] ON [p0].[Id] = [r0].[PostId]
ORDER BY [p0].[c] DESC, [p0].[Id], [a].[Id], [c0].[Id]]
[WARN] - [24] - [?] - [Compiling a query which loads related collections for more than one collection navigation, either via 'Include' or through projection, but no 'QuerySplittingBehavior' has been configured. By default, Entity Framework will use 'QuerySplittingBehavior.SingleQuery', which can potentially result in slow query performance. See https://go.microsoft.com/fwlink/?linkid=2134277 for more information. To identify the query that's triggering this warning call 'ConfigureWarnings(w => w.Throw(RelationalEventId.MultipleCollectionIncludeWarning))'.]
[INFO] - [24] - [?] - [Executed DbCommand (3ms) [Parameters=[], CommandType='Text', CommandTimeout='30']
SELECT [p].[Id], [p].[AppUserId], [p].[Body], [p].[CreatedAt], [p].[PostStatus], [p].[Title], [a].[Id], [c].[Id], [c].[AppUserId], [c].[PostId], [c].[Text], [c].[Time], [r].[Id], [r].[AppUserId], [r].[PostId], [r].[ReactType], [a].[AccessFailedCount], [a].[ConcurrencyStamp], [a].[Email], [a].[EmailConfirmed], [a].[LockoutEnabled], [a].[LockoutEnd], [a].[Name], [a].[NormalizedEmail], [a].[NormalizedUserName], [a].[PasswordHash], [a].[PhoneNumber], [a].[PhoneNumberConfirmed], [a].[Role], [a].[SecurityStamp], [a].[TwoFactorEnabled], [a].[UserName]
FROM [Posts] AS [p]
INNER JOIN [AspNetUsers] AS [a] ON [p].[AppUserId] = [a].[Id]
LEFT JOIN [Comments] AS [c] ON [p].[Id] = [c].[PostId]
LEFT JOIN [Reactions] AS [r] ON [p].[Id] = [r].[PostId]
WHERE [p].[PostStatus] <> 10
ORDER BY [p].[CreatedAt] DESC, [p].[Id], [a].[Id], [c].[Id]]
[INFO] - [31] - [?] - [Executed DbCommand (1ms) [Parameters=[@__p_0='?' (DbType = Int32), @__p_1='?' (DbType = Int32)], CommandType='Text', CommandTimeout='30']
SELECT [p0].[Id], [p0].[AppUserId], [p0].[Body], [p0].[CreatedAt], [p0].[PostStatus], [p0].[Title], [a].[Id], [c].[Id], [c].[AppUserId], [c].[PostId], [c].[Text], [c].[Time], [r].[Id], [r].[AppUserId], [r].[PostId], [r].[ReactType], [a].[AccessFailedCount], [a].[ConcurrencyStamp], [a].[Email], [a].[EmailConfirmed], [a].[LockoutEnabled], [a].[LockoutEnd], [a].[Name], [a].[NormalizedEmail], [a].[NormalizedUserName], [a].[PasswordHash], [a].[PhoneNumber], [a].[PhoneNumberConfirmed], [a].[Role], [a].[SecurityStamp], [a].[TwoFactorEnabled], [a].[UserName]
FROM (
    SELECT [p].[Id], [p].[AppUserId], [p].[Body], [p].[CreatedAt], [p].[PostStatus], [p].[Title]
    FROM [Posts] AS [p]
    WHERE [p].[PostStatus] = 10
    ORDER BY [p].[CreatedAt] DESC
    OFFSET @__p_0 ROWS FETCH NEXT @__p_1 ROWS ONLY
) AS [p0]
INNER JOIN [AspNetUsers] AS [a] ON [p0].[AppUserId] = [a].[Id]
LEFT JOIN [Comments] AS [c] ON [p0].[Id] = [c].[PostId]
LEFT JOIN [Reactions] AS [r] ON [p0].[Id] = [r].[PostId]
ORDER BY [p0].[CreatedAt] DESC, [p0].[Id], [a].[Id], [c].[Id]]
[INFO] - [31] - [?] - [Executed DbCommand (0ms) [Parameters=[], CommandType='Text', CommandTimeout='30']
SELECT COUNT(*)
FROM [Posts] AS [p]]
[INFO] - [31] - [SimpleBlog.Presentation.Areas.User.Controllers.HomeController.Index(C:\Users\OPL-PC\Desktop\SimpleBlog\SimpleBlog\SimpleBlog.Presentation\Areas\User\Controllers\HomeController.cs:39)] - [Page Load]
[INFO] - [22] - [?] - [Executed DbCommand (0ms) [Parameters=[@__p_0='?' (DbType = Int32)], CommandType='Text', CommandTimeout='30']
SELECT TOP(1) [a].[Id], [a].[AccessFailedCount], [a].[ConcurrencyStamp], [a].[Email], [a].[EmailConfirmed], [a].[LockoutEnabled], [a].[LockoutEnd], [a].[Name], [a].[NormalizedEmail], [a].[NormalizedUserName], [a].[PasswordHash], [a].[PhoneNumber], [a].[PhoneNumberConfirmed], [a].[Role], [a].[SecurityStamp], [a].[TwoFactorEnabled], [a].[UserName]
FROM [AspNetUsers] AS [a]
WHERE [a].[Id] = @__p_0]
[INFO] - [22] - [?] - [Executed DbCommand (0ms) [Parameters=[@__currentUser_Id_0='?' (DbType = Int32)], CommandType='Text', CommandTimeout='30']
SELECT [a].[Id], [a].[AccessFailedCount], [a].[ConcurrencyStamp], [a].[Email], [a].[EmailConfirmed], [a].[LockoutEnabled], [a].[LockoutEnd], [a].[Name], [a].[NormalizedEmail], [a].[NormalizedUserName], [a].[PasswordHash], [a].[PhoneNumber], [a].[PhoneNumberConfirmed], [a].[Role], [a].[SecurityStamp], [a].[TwoFactorEnabled], [a].[UserName]
FROM [AspNetUsers] AS [a]
WHERE [a].[Id] <> @__currentUser_Id_0]
[INFO] - [22] - [?] - [Executed DbCommand (1ms) [Parameters=[@__p_0='?' (DbType = Int32)], CommandType='Text', CommandTimeout='30']
SELECT [p0].[Id], [p0].[AppUserId], [p0].[Body], [p0].[CreatedAt], [p0].[PostStatus], [p0].[Title], [a].[Id], [c0].[Id], [c0].[AppUserId], [c0].[PostId], [c0].[Text], [c0].[Time], [r0].[Id], [r0].[AppUserId], [r0].[PostId], [r0].[ReactType], [a].[AccessFailedCount], [a].[ConcurrencyStamp], [a].[Email], [a].[EmailConfirmed], [a].[LockoutEnabled], [a].[LockoutEnd], [a].[Name], [a].[NormalizedEmail], [a].[NormalizedUserName], [a].[PasswordHash], [a].[PhoneNumber], [a].[PhoneNumberConfirmed], [a].[Role], [a].[SecurityStamp], [a].[TwoFactorEnabled], [a].[UserName]
FROM (
    SELECT TOP(@__p_0) [p].[Id], [p].[AppUserId], [p].[Body], [p].[CreatedAt], [p].[PostStatus], [p].[Title], (
        SELECT COUNT(*)
        FROM [Reactions] AS [r]
        WHERE [p].[Id] = [r].[PostId]) + (
        SELECT COUNT(*)
        FROM [Comments] AS [c]
        WHERE [p].[Id] = [c].[PostId]) AS [c]
    FROM [Posts] AS [p]
    ORDER BY (
        SELECT COUNT(*)
        FROM [Reactions] AS [r]
        WHERE [p].[Id] = [r].[PostId]) + (
        SELECT COUNT(*)
        FROM [Comments] AS [c]
        WHERE [p].[Id] = [c].[PostId]) DESC
) AS [p0]
INNER JOIN [AspNetUsers] AS [a] ON [p0].[AppUserId] = [a].[Id]
LEFT JOIN [Comments] AS [c0] ON [p0].[Id] = [c0].[PostId]
LEFT JOIN [Reactions] AS [r0] ON [p0].[Id] = [r0].[PostId]
ORDER BY [p0].[c] DESC, [p0].[Id], [a].[Id], [c0].[Id]]
[INFO] - [28] - [?] - [Executed DbCommand (0ms) [Parameters=[], CommandType='Text', CommandTimeout='30']
SELECT [p].[Id], [p].[AppUserId], [p].[Body], [p].[CreatedAt], [p].[PostStatus], [p].[Title], [a].[Id], [c].[Id], [c].[AppUserId], [c].[PostId], [c].[Text], [c].[Time], [r].[Id], [r].[AppUserId], [r].[PostId], [r].[ReactType], [a].[AccessFailedCount], [a].[ConcurrencyStamp], [a].[Email], [a].[EmailConfirmed], [a].[LockoutEnabled], [a].[LockoutEnd], [a].[Name], [a].[NormalizedEmail], [a].[NormalizedUserName], [a].[PasswordHash], [a].[PhoneNumber], [a].[PhoneNumberConfirmed], [a].[Role], [a].[SecurityStamp], [a].[TwoFactorEnabled], [a].[UserName]
FROM [Posts] AS [p]
INNER JOIN [AspNetUsers] AS [a] ON [p].[AppUserId] = [a].[Id]
LEFT JOIN [Comments] AS [c] ON [p].[Id] = [c].[PostId]
LEFT JOIN [Reactions] AS [r] ON [p].[Id] = [r].[PostId]
WHERE [p].[PostStatus] <> 10
ORDER BY [p].[CreatedAt] DESC, [p].[Id], [a].[Id], [c].[Id]]
[INFO] - [37] - [?] - [Executed DbCommand (1ms) [Parameters=[@__p_0='?' (DbType = Int32), @__p_1='?' (DbType = Int32)], CommandType='Text', CommandTimeout='30']
SELECT [p0].[Id], [p0].[AppUserId], [p0].[Body], [p0].[CreatedAt], [p0].[PostStatus], [p0].[Title], [a].[Id], [c].[Id], [c].[AppUserId], [c].[PostId], [c].[Text], [c].[Time], [r].[Id], [r].[AppUserId], [r].[PostId], [r].[ReactType], [a].[AccessFailedCount], [a].[ConcurrencyStamp], [a].[Email], [a].[EmailConfirmed], [a].[LockoutEnabled], [a].[LockoutEnd], [a].[Name], [a].[NormalizedEmail], [a].[NormalizedUserName], [a].[PasswordHash], [a].[PhoneNumber], [a].[PhoneNumberConfirmed], [a].[Role], [a].[SecurityStamp], [a].[TwoFactorEnabled], [a].[UserName]
FROM (
    SELECT [p].[Id], [p].[AppUserId], [p].[Body], [p].[CreatedAt], [p].[PostStatus], [p].[Title]
    FROM [Posts] AS [p]
    WHERE [p].[PostStatus] = 10
    ORDER BY [p].[CreatedAt] DESC
    OFFSET @__p_0 ROWS FETCH NEXT @__p_1 ROWS ONLY
) AS [p0]
INNER JOIN [AspNetUsers] AS [a] ON [p0].[AppUserId] = [a].[Id]
LEFT JOIN [Comments] AS [c] ON [p0].[Id] = [c].[PostId]
LEFT JOIN [Reactions] AS [r] ON [p0].[Id] = [r].[PostId]
ORDER BY [p0].[CreatedAt] DESC, [p0].[Id], [a].[Id], [c].[Id]]
[INFO] - [37] - [?] - [Executed DbCommand (0ms) [Parameters=[], CommandType='Text', CommandTimeout='30']
SELECT COUNT(*)
FROM [Posts] AS [p]]
[INFO] - [37] - [SimpleBlog.Presentation.Areas.User.Controllers.HomeController.Index(C:\Users\OPL-PC\Desktop\SimpleBlog\SimpleBlog\SimpleBlog.Presentation\Areas\User\Controllers\HomeController.cs:39)] - [Page Load]
[INFO] - [35] - [?] - [Executed DbCommand (0ms) [Parameters=[], CommandType='Text', CommandTimeout='30']
SELECT [p].[Id], [p].[AppUserId], [p].[Body], [p].[CreatedAt], [p].[PostStatus], [p].[Title], [a].[Id], [c].[Id], [c].[AppUserId], [c].[PostId], [c].[Text], [c].[Time], [r].[Id], [r].[AppUserId], [r].[PostId], [r].[ReactType], [a].[AccessFailedCount], [a].[ConcurrencyStamp], [a].[Email], [a].[EmailConfirmed], [a].[LockoutEnabled], [a].[LockoutEnd], [a].[Name], [a].[NormalizedEmail], [a].[NormalizedUserName], [a].[PasswordHash], [a].[PhoneNumber], [a].[PhoneNumberConfirmed], [a].[Role], [a].[SecurityStamp], [a].[TwoFactorEnabled], [a].[UserName]
FROM [Posts] AS [p]
INNER JOIN [AspNetUsers] AS [a] ON [p].[AppUserId] = [a].[Id]
LEFT JOIN [Comments] AS [c] ON [p].[Id] = [c].[PostId]
LEFT JOIN [Reactions] AS [r] ON [p].[Id] = [r].[PostId]
WHERE [p].[PostStatus] <> 10
ORDER BY [p].[CreatedAt] DESC, [p].[Id], [a].[Id], [c].[Id]]
[INFO] - [21] - [?] - [Executed DbCommand (1ms) [Parameters=[@__p_0='?' (DbType = Int32)], CommandType='Text', CommandTimeout='30']
SELECT [p0].[Id], [p0].[AppUserId], [p0].[Body], [p0].[CreatedAt], [p0].[PostStatus], [p0].[Title], [a].[Id], [c0].[Id], [c0].[AppUserId], [c0].[PostId], [c0].[Text], [c0].[Time], [r0].[Id], [r0].[AppUserId], [r0].[PostId], [r0].[ReactType], [a].[AccessFailedCount], [a].[ConcurrencyStamp], [a].[Email], [a].[EmailConfirmed], [a].[LockoutEnabled], [a].[LockoutEnd], [a].[Name], [a].[NormalizedEmail], [a].[NormalizedUserName], [a].[PasswordHash], [a].[PhoneNumber], [a].[PhoneNumberConfirmed], [a].[Role], [a].[SecurityStamp], [a].[TwoFactorEnabled], [a].[UserName]
FROM (
    SELECT TOP(@__p_0) [p].[Id], [p].[AppUserId], [p].[Body], [p].[CreatedAt], [p].[PostStatus], [p].[Title], (
        SELECT COUNT(*)
        FROM [Reactions] AS [r]
        WHERE [p].[Id] = [r].[PostId]) + (
        SELECT COUNT(*)
        FROM [Comments] AS [c]
        WHERE [p].[Id] = [c].[PostId]) AS [c]
    FROM [Posts] AS [p]
    ORDER BY (
        SELECT COUNT(*)
        FROM [Reactions] AS [r]
        WHERE [p].[Id] = [r].[PostId]) + (
        SELECT COUNT(*)
        FROM [Comments] AS [c]
        WHERE [p].[Id] = [c].[PostId]) DESC
) AS [p0]
INNER JOIN [AspNetUsers] AS [a] ON [p0].[AppUserId] = [a].[Id]
LEFT JOIN [Comments] AS [c0] ON [p0].[Id] = [c0].[PostId]
LEFT JOIN [Reactions] AS [r0] ON [p0].[Id] = [r0].[PostId]
ORDER BY [p0].[c] DESC, [p0].[Id], [a].[Id], [c0].[Id]]
[INFO] - [33] - [?] - [Executed DbCommand (0ms) [Parameters=[], CommandType='Text', CommandTimeout='30']
SELECT [p].[Id], [p].[AppUserId], [p].[Body], [p].[CreatedAt], [p].[PostStatus], [p].[Title], [a].[Id], [c].[Id], [c].[AppUserId], [c].[PostId], [c].[Text], [c].[Time], [r].[Id], [r].[AppUserId], [r].[PostId], [r].[ReactType], [a].[AccessFailedCount], [a].[ConcurrencyStamp], [a].[Email], [a].[EmailConfirmed], [a].[LockoutEnabled], [a].[LockoutEnd], [a].[Name], [a].[NormalizedEmail], [a].[NormalizedUserName], [a].[PasswordHash], [a].[PhoneNumber], [a].[PhoneNumberConfirmed], [a].[Role], [a].[SecurityStamp], [a].[TwoFactorEnabled], [a].[UserName]
FROM [Posts] AS [p]
INNER JOIN [AspNetUsers] AS [a] ON [p].[AppUserId] = [a].[Id]
LEFT JOIN [Comments] AS [c] ON [p].[Id] = [c].[PostId]
LEFT JOIN [Reactions] AS [r] ON [p].[Id] = [r].[PostId]
WHERE [p].[PostStatus] <> 10
ORDER BY [p].[CreatedAt] DESC, [p].[Id], [a].[Id], [c].[Id]]
[INFO] - [22] - [?] - [Executed DbCommand (1ms) [Parameters=[@__p_0='?' (DbType = Int32), @__p_1='?' (DbType = Int32)], CommandType='Text', CommandTimeout='30']
SELECT [p0].[Id], [p0].[AppUserId], [p0].[Body], [p0].[CreatedAt], [p0].[PostStatus], [p0].[Title], [a].[Id], [c].[Id], [c].[AppUserId], [c].[PostId], [c].[Text], [c].[Time], [r].[Id], [r].[AppUserId], [r].[PostId], [r].[ReactType], [a].[AccessFailedCount], [a].[ConcurrencyStamp], [a].[Email], [a].[EmailConfirmed], [a].[LockoutEnabled], [a].[LockoutEnd], [a].[Name], [a].[NormalizedEmail], [a].[NormalizedUserName], [a].[PasswordHash], [a].[PhoneNumber], [a].[PhoneNumberConfirmed], [a].[Role], [a].[SecurityStamp], [a].[TwoFactorEnabled], [a].[UserName]
FROM (
    SELECT [p].[Id], [p].[AppUserId], [p].[Body], [p].[CreatedAt], [p].[PostStatus], [p].[Title]
    FROM [Posts] AS [p]
    WHERE [p].[PostStatus] = 10
    ORDER BY [p].[CreatedAt] DESC
    OFFSET @__p_0 ROWS FETCH NEXT @__p_1 ROWS ONLY
) AS [p0]
INNER JOIN [AspNetUsers] AS [a] ON [p0].[AppUserId] = [a].[Id]
LEFT JOIN [Comments] AS [c] ON [p0].[Id] = [c].[PostId]
LEFT JOIN [Reactions] AS [r] ON [p0].[Id] = [r].[PostId]
ORDER BY [p0].[CreatedAt] DESC, [p0].[Id], [a].[Id], [c].[Id]]
[INFO] - [22] - [?] - [Executed DbCommand (1ms) [Parameters=[], CommandType='Text', CommandTimeout='30']
SELECT COUNT(*)
FROM [Posts] AS [p]]
[INFO] - [22] - [SimpleBlog.Presentation.Areas.User.Controllers.HomeController.Index(C:\Users\OPL-PC\Desktop\SimpleBlog\SimpleBlog\SimpleBlog.Presentation\Areas\User\Controllers\HomeController.cs:39)] - [Page Load]
[INFO] - [37] - [?] - [Executed DbCommand (0ms) [Parameters=[], CommandType='Text', CommandTimeout='30']
SELECT [p].[Id], [p].[AppUserId], [p].[Body], [p].[CreatedAt], [p].[PostStatus], [p].[Title], [a].[Id], [c].[Id], [c].[AppUserId], [c].[PostId], [c].[Text], [c].[Time], [r].[Id], [r].[AppUserId], [r].[PostId], [r].[ReactType], [a].[AccessFailedCount], [a].[ConcurrencyStamp], [a].[Email], [a].[EmailConfirmed], [a].[LockoutEnabled], [a].[LockoutEnd], [a].[Name], [a].[NormalizedEmail], [a].[NormalizedUserName], [a].[PasswordHash], [a].[PhoneNumber], [a].[PhoneNumberConfirmed], [a].[Role], [a].[SecurityStamp], [a].[TwoFactorEnabled], [a].[UserName]
FROM [Posts] AS [p]
INNER JOIN [AspNetUsers] AS [a] ON [p].[AppUserId] = [a].[Id]
LEFT JOIN [Comments] AS [c] ON [p].[Id] = [c].[PostId]
LEFT JOIN [Reactions] AS [r] ON [p].[Id] = [r].[PostId]
WHERE [p].[PostStatus] <> 10
ORDER BY [p].[CreatedAt] DESC, [p].[Id], [a].[Id], [c].[Id]]
[INFO] - [21] - [?] - [Executed DbCommand (1ms) [Parameters=[@__p_0='?' (DbType = Int32)], CommandType='Text', CommandTimeout='30']
SELECT [p0].[Id], [p0].[AppUserId], [p0].[Body], [p0].[CreatedAt], [p0].[PostStatus], [p0].[Title], [a].[Id], [c0].[Id], [c0].[AppUserId], [c0].[PostId], [c0].[Text], [c0].[Time], [r0].[Id], [r0].[AppUserId], [r0].[PostId], [r0].[ReactType], [a].[AccessFailedCount], [a].[ConcurrencyStamp], [a].[Email], [a].[EmailConfirmed], [a].[LockoutEnabled], [a].[LockoutEnd], [a].[Name], [a].[NormalizedEmail], [a].[NormalizedUserName], [a].[PasswordHash], [a].[PhoneNumber], [a].[PhoneNumberConfirmed], [a].[Role], [a].[SecurityStamp], [a].[TwoFactorEnabled], [a].[UserName]
FROM (
    SELECT TOP(@__p_0) [p].[Id], [p].[AppUserId], [p].[Body], [p].[CreatedAt], [p].[PostStatus], [p].[Title], (
        SELECT COUNT(*)
        FROM [Reactions] AS [r]
        WHERE [p].[Id] = [r].[PostId]) + (
        SELECT COUNT(*)
        FROM [Comments] AS [c]
        WHERE [p].[Id] = [c].[PostId]) AS [c]
    FROM [Posts] AS [p]
    ORDER BY (
        SELECT COUNT(*)
        FROM [Reactions] AS [r]
        WHERE [p].[Id] = [r].[PostId]) + (
        SELECT COUNT(*)
        FROM [Comments] AS [c]
        WHERE [p].[Id] = [c].[PostId]) DESC
) AS [p0]
INNER JOIN [AspNetUsers] AS [a] ON [p0].[AppUserId] = [a].[Id]
LEFT JOIN [Comments] AS [c0] ON [p0].[Id] = [c0].[PostId]
LEFT JOIN [Reactions] AS [r0] ON [p0].[Id] = [r0].[PostId]
ORDER BY [p0].[c] DESC, [p0].[Id], [a].[Id], [c0].[Id]]
[INFO] - [35] - [?] - [Executed DbCommand (1ms) [Parameters=[@__p_0='?' (DbType = Int32)], CommandType='Text', CommandTimeout='30']
SELECT TOP(1) [a].[Id], [a].[AccessFailedCount], [a].[ConcurrencyStamp], [a].[Email], [a].[EmailConfirmed], [a].[LockoutEnabled], [a].[LockoutEnd], [a].[Name], [a].[NormalizedEmail], [a].[NormalizedUserName], [a].[PasswordHash], [a].[PhoneNumber], [a].[PhoneNumberConfirmed], [a].[Role], [a].[SecurityStamp], [a].[TwoFactorEnabled], [a].[UserName]
FROM [AspNetUsers] AS [a]
WHERE [a].[Id] = @__p_0]
[INFO] - [35] - [?] - [Executed DbCommand (0ms) [Parameters=[@__currentUser_Id_0='?' (DbType = Int32)], CommandType='Text', CommandTimeout='30']
SELECT [a].[Id], [a].[AccessFailedCount], [a].[ConcurrencyStamp], [a].[Email], [a].[EmailConfirmed], [a].[LockoutEnabled], [a].[LockoutEnd], [a].[Name], [a].[NormalizedEmail], [a].[NormalizedUserName], [a].[PasswordHash], [a].[PhoneNumber], [a].[PhoneNumberConfirmed], [a].[Role], [a].[SecurityStamp], [a].[TwoFactorEnabled], [a].[UserName]
FROM [AspNetUsers] AS [a]
WHERE [a].[Id] <> @__currentUser_Id_0]
[INFO] - [34] - [?] - [Executed DbCommand (1ms) [Parameters=[@__p_0='?' (DbType = Int32)], CommandType='Text', CommandTimeout='30']
SELECT [p0].[Id], [p0].[AppUserId], [p0].[Body], [p0].[CreatedAt], [p0].[PostStatus], [p0].[Title], [a].[Id], [c0].[Id], [c0].[AppUserId], [c0].[PostId], [c0].[Text], [c0].[Time], [r0].[Id], [r0].[AppUserId], [r0].[PostId], [r0].[ReactType], [a].[AccessFailedCount], [a].[ConcurrencyStamp], [a].[Email], [a].[EmailConfirmed], [a].[LockoutEnabled], [a].[LockoutEnd], [a].[Name], [a].[NormalizedEmail], [a].[NormalizedUserName], [a].[PasswordHash], [a].[PhoneNumber], [a].[PhoneNumberConfirmed], [a].[Role], [a].[SecurityStamp], [a].[TwoFactorEnabled], [a].[UserName]
FROM (
    SELECT TOP(@__p_0) [p].[Id], [p].[AppUserId], [p].[Body], [p].[CreatedAt], [p].[PostStatus], [p].[Title], (
        SELECT COUNT(*)
        FROM [Reactions] AS [r]
        WHERE [p].[Id] = [r].[PostId]) + (
        SELECT COUNT(*)
        FROM [Comments] AS [c]
        WHERE [p].[Id] = [c].[PostId]) AS [c]
    FROM [Posts] AS [p]
    ORDER BY (
        SELECT COUNT(*)
        FROM [Reactions] AS [r]
        WHERE [p].[Id] = [r].[PostId]) + (
        SELECT COUNT(*)
        FROM [Comments] AS [c]
        WHERE [p].[Id] = [c].[PostId]) DESC
) AS [p0]
INNER JOIN [AspNetUsers] AS [a] ON [p0].[AppUserId] = [a].[Id]
LEFT JOIN [Comments] AS [c0] ON [p0].[Id] = [c0].[PostId]
LEFT JOIN [Reactions] AS [r0] ON [p0].[Id] = [r0].[PostId]
ORDER BY [p0].[c] DESC, [p0].[Id], [a].[Id], [c0].[Id]]
[INFO] - [35] - [?] - [Executed DbCommand (0ms) [Parameters=[], CommandType='Text', CommandTimeout='30']
SELECT [p].[Id], [p].[AppUserId], [p].[Body], [p].[CreatedAt], [p].[PostStatus], [p].[Title], [a].[Id], [c].[Id], [c].[AppUserId], [c].[PostId], [c].[Text], [c].[Time], [r].[Id], [r].[AppUserId], [r].[PostId], [r].[ReactType], [a].[AccessFailedCount], [a].[ConcurrencyStamp], [a].[Email], [a].[EmailConfirmed], [a].[LockoutEnabled], [a].[LockoutEnd], [a].[Name], [a].[NormalizedEmail], [a].[NormalizedUserName], [a].[PasswordHash], [a].[PhoneNumber], [a].[PhoneNumberConfirmed], [a].[Role], [a].[SecurityStamp], [a].[TwoFactorEnabled], [a].[UserName]
FROM [Posts] AS [p]
INNER JOIN [AspNetUsers] AS [a] ON [p].[AppUserId] = [a].[Id]
LEFT JOIN [Comments] AS [c] ON [p].[Id] = [c].[PostId]
LEFT JOIN [Reactions] AS [r] ON [p].[Id] = [r].[PostId]
WHERE [p].[PostStatus] <> 10
ORDER BY [p].[CreatedAt] DESC, [p].[Id], [a].[Id], [c].[Id]]
[INFO] - [36] - [?] - [Executed DbCommand (1ms) [Parameters=[@__p_0='?' (DbType = Int32), @__p_1='?' (DbType = Int32)], CommandType='Text', CommandTimeout='30']
SELECT [p0].[Id], [p0].[AppUserId], [p0].[Body], [p0].[CreatedAt], [p0].[PostStatus], [p0].[Title], [a].[Id], [c].[Id], [c].[AppUserId], [c].[PostId], [c].[Text], [c].[Time], [r].[Id], [r].[AppUserId], [r].[PostId], [r].[ReactType], [a].[AccessFailedCount], [a].[ConcurrencyStamp], [a].[Email], [a].[EmailConfirmed], [a].[LockoutEnabled], [a].[LockoutEnd], [a].[Name], [a].[NormalizedEmail], [a].[NormalizedUserName], [a].[PasswordHash], [a].[PhoneNumber], [a].[PhoneNumberConfirmed], [a].[Role], [a].[SecurityStamp], [a].[TwoFactorEnabled], [a].[UserName]
FROM (
    SELECT [p].[Id], [p].[AppUserId], [p].[Body], [p].[CreatedAt], [p].[PostStatus], [p].[Title]
    FROM [Posts] AS [p]
    WHERE [p].[PostStatus] = 10
    ORDER BY [p].[CreatedAt] DESC
    OFFSET @__p_0 ROWS FETCH NEXT @__p_1 ROWS ONLY
) AS [p0]
INNER JOIN [AspNetUsers] AS [a] ON [p0].[AppUserId] = [a].[Id]
LEFT JOIN [Comments] AS [c] ON [p0].[Id] = [c].[PostId]
LEFT JOIN [Reactions] AS [r] ON [p0].[Id] = [r].[PostId]
ORDER BY [p0].[CreatedAt] DESC, [p0].[Id], [a].[Id], [c].[Id]]
[INFO] - [36] - [?] - [Executed DbCommand (1ms) [Parameters=[], CommandType='Text', CommandTimeout='30']
SELECT COUNT(*)
FROM [Posts] AS [p]]
[INFO] - [36] - [SimpleBlog.Presentation.Areas.User.Controllers.HomeController.Index(C:\Users\OPL-PC\Desktop\SimpleBlog\SimpleBlog\SimpleBlog.Presentation\Areas\User\Controllers\HomeController.cs:39)] - [Page Load]
[INFO] - [20] - [?] - [Executed DbCommand (1ms) [Parameters=[], CommandType='Text', CommandTimeout='30']
SELECT [p].[Id], [p].[AppUserId], [p].[Body], [p].[CreatedAt], [p].[PostStatus], [p].[Title], [a].[Id], [c].[Id], [c].[AppUserId], [c].[PostId], [c].[Text], [c].[Time], [r].[Id], [r].[AppUserId], [r].[PostId], [r].[ReactType], [a].[AccessFailedCount], [a].[ConcurrencyStamp], [a].[Email], [a].[EmailConfirmed], [a].[LockoutEnabled], [a].[LockoutEnd], [a].[Name], [a].[NormalizedEmail], [a].[NormalizedUserName], [a].[PasswordHash], [a].[PhoneNumber], [a].[PhoneNumberConfirmed], [a].[Role], [a].[SecurityStamp], [a].[TwoFactorEnabled], [a].[UserName]
FROM [Posts] AS [p]
INNER JOIN [AspNetUsers] AS [a] ON [p].[AppUserId] = [a].[Id]
LEFT JOIN [Comments] AS [c] ON [p].[Id] = [c].[PostId]
LEFT JOIN [Reactions] AS [r] ON [p].[Id] = [r].[PostId]
WHERE [p].[PostStatus] <> 10
ORDER BY [p].[CreatedAt] DESC, [p].[Id], [a].[Id], [c].[Id]]
[INFO] - [32] - [?] - [Executed DbCommand (1ms) [Parameters=[@__p_0='?' (DbType = Int32)], CommandType='Text', CommandTimeout='30']
SELECT [p0].[Id], [p0].[AppUserId], [p0].[Body], [p0].[CreatedAt], [p0].[PostStatus], [p0].[Title], [a].[Id], [c0].[Id], [c0].[AppUserId], [c0].[PostId], [c0].[Text], [c0].[Time], [r0].[Id], [r0].[AppUserId], [r0].[PostId], [r0].[ReactType], [a].[AccessFailedCount], [a].[ConcurrencyStamp], [a].[Email], [a].[EmailConfirmed], [a].[LockoutEnabled], [a].[LockoutEnd], [a].[Name], [a].[NormalizedEmail], [a].[NormalizedUserName], [a].[PasswordHash], [a].[PhoneNumber], [a].[PhoneNumberConfirmed], [a].[Role], [a].[SecurityStamp], [a].[TwoFactorEnabled], [a].[UserName]
FROM (
    SELECT TOP(@__p_0) [p].[Id], [p].[AppUserId], [p].[Body], [p].[CreatedAt], [p].[PostStatus], [p].[Title], (
        SELECT COUNT(*)
        FROM [Reactions] AS [r]
        WHERE [p].[Id] = [r].[PostId]) + (
        SELECT COUNT(*)
        FROM [Comments] AS [c]
        WHERE [p].[Id] = [c].[PostId]) AS [c]
    FROM [Posts] AS [p]
    ORDER BY (
        SELECT COUNT(*)
        FROM [Reactions] AS [r]
        WHERE [p].[Id] = [r].[PostId]) + (
        SELECT COUNT(*)
        FROM [Comments] AS [c]
        WHERE [p].[Id] = [c].[PostId]) DESC
) AS [p0]
INNER JOIN [AspNetUsers] AS [a] ON [p0].[AppUserId] = [a].[Id]
LEFT JOIN [Comments] AS [c0] ON [p0].[Id] = [c0].[PostId]
LEFT JOIN [Reactions] AS [r0] ON [p0].[Id] = [r0].[PostId]
ORDER BY [p0].[c] DESC, [p0].[Id], [a].[Id], [c0].[Id]]
[INFO] - [33] - [?] - [Executed DbCommand (0ms) [Parameters=[@__p_0='?' (DbType = Int32)], CommandType='Text', CommandTimeout='30']
SELECT TOP(1) [a].[Id], [a].[AccessFailedCount], [a].[ConcurrencyStamp], [a].[Email], [a].[EmailConfirmed], [a].[LockoutEnabled], [a].[LockoutEnd], [a].[Name], [a].[NormalizedEmail], [a].[NormalizedUserName], [a].[PasswordHash], [a].[PhoneNumber], [a].[PhoneNumberConfirmed], [a].[Role], [a].[SecurityStamp], [a].[TwoFactorEnabled], [a].[UserName]
FROM [AspNetUsers] AS [a]
WHERE [a].[Id] = @__p_0]
[INFO] - [33] - [?] - [Executed DbCommand (0ms) [Parameters=[@__currentUser_Id_0='?' (DbType = Int32)], CommandType='Text', CommandTimeout='30']
SELECT [a].[Id], [a].[AccessFailedCount], [a].[ConcurrencyStamp], [a].[Email], [a].[EmailConfirmed], [a].[LockoutEnabled], [a].[LockoutEnd], [a].[Name], [a].[NormalizedEmail], [a].[NormalizedUserName], [a].[PasswordHash], [a].[PhoneNumber], [a].[PhoneNumberConfirmed], [a].[Role], [a].[SecurityStamp], [a].[TwoFactorEnabled], [a].[UserName]
FROM [AspNetUsers] AS [a]
WHERE [a].[Id] <> @__currentUser_Id_0]
[INFO] - [35] - [?] - [Executed DbCommand (0ms) [Parameters=[], CommandType='Text', CommandTimeout='30']
SELECT [p].[Id], [p].[AppUserId], [p].[Body], [p].[CreatedAt], [p].[PostStatus], [p].[Title], [a].[Id], [c].[Id], [c].[AppUserId], [c].[PostId], [c].[Text], [c].[Time], [r].[Id], [r].[AppUserId], [r].[PostId], [r].[ReactType], [a].[AccessFailedCount], [a].[ConcurrencyStamp], [a].[Email], [a].[EmailConfirmed], [a].[LockoutEnabled], [a].[LockoutEnd], [a].[Name], [a].[NormalizedEmail], [a].[NormalizedUserName], [a].[PasswordHash], [a].[PhoneNumber], [a].[PhoneNumberConfirmed], [a].[Role], [a].[SecurityStamp], [a].[TwoFactorEnabled], [a].[UserName]
FROM [Posts] AS [p]
INNER JOIN [AspNetUsers] AS [a] ON [p].[AppUserId] = [a].[Id]
LEFT JOIN [Comments] AS [c] ON [p].[Id] = [c].[PostId]
LEFT JOIN [Reactions] AS [r] ON [p].[Id] = [r].[PostId]
WHERE [p].[PostStatus] <> 10
ORDER BY [p].[CreatedAt] DESC, [p].[Id], [a].[Id], [c].[Id]]
[INFO] - [36] - [?] - [Executed DbCommand (1ms) [Parameters=[@__p_0='?' (DbType = Int32), @__p_1='?' (DbType = Int32)], CommandType='Text', CommandTimeout='30']
SELECT [p0].[Id], [p0].[AppUserId], [p0].[Body], [p0].[CreatedAt], [p0].[PostStatus], [p0].[Title], [a].[Id], [c].[Id], [c].[AppUserId], [c].[PostId], [c].[Text], [c].[Time], [r].[Id], [r].[AppUserId], [r].[PostId], [r].[ReactType], [a].[AccessFailedCount], [a].[ConcurrencyStamp], [a].[Email], [a].[EmailConfirmed], [a].[LockoutEnabled], [a].[LockoutEnd], [a].[Name], [a].[NormalizedEmail], [a].[NormalizedUserName], [a].[PasswordHash], [a].[PhoneNumber], [a].[PhoneNumberConfirmed], [a].[Role], [a].[SecurityStamp], [a].[TwoFactorEnabled], [a].[UserName]
FROM (
    SELECT [p].[Id], [p].[AppUserId], [p].[Body], [p].[CreatedAt], [p].[PostStatus], [p].[Title]
    FROM [Posts] AS [p]
    WHERE [p].[PostStatus] = 10
    ORDER BY [p].[CreatedAt] DESC
    OFFSET @__p_0 ROWS FETCH NEXT @__p_1 ROWS ONLY
) AS [p0]
INNER JOIN [AspNetUsers] AS [a] ON [p0].[AppUserId] = [a].[Id]
LEFT JOIN [Comments] AS [c] ON [p0].[Id] = [c].[PostId]
LEFT JOIN [Reactions] AS [r] ON [p0].[Id] = [r].[PostId]
ORDER BY [p0].[CreatedAt] DESC, [p0].[Id], [a].[Id], [c].[Id]]
[INFO] - [36] - [?] - [Executed DbCommand (1ms) [Parameters=[], CommandType='Text', CommandTimeout='30']
SELECT COUNT(*)
FROM [Posts] AS [p]]
[INFO] - [36] - [SimpleBlog.Presentation.Areas.User.Controllers.HomeController.Index(C:\Users\OPL-PC\Desktop\SimpleBlog\SimpleBlog\SimpleBlog.Presentation\Areas\User\Controllers\HomeController.cs:39)] - [Page Load]
[INFO] - [36] - [?] - [Executed DbCommand (0ms) [Parameters=[@__p_0='?' (DbType = Int32)], CommandType='Text', CommandTimeout='30']
SELECT TOP(1) [a].[Id], [a].[AccessFailedCount], [a].[ConcurrencyStamp], [a].[Email], [a].[EmailConfirmed], [a].[LockoutEnabled], [a].[LockoutEnd], [a].[Name], [a].[NormalizedEmail], [a].[NormalizedUserName], [a].[PasswordHash], [a].[PhoneNumber], [a].[PhoneNumberConfirmed], [a].[Role], [a].[SecurityStamp], [a].[TwoFactorEnabled], [a].[UserName]
FROM [AspNetUsers] AS [a]
WHERE [a].[Id] = @__p_0]
[INFO] - [36] - [?] - [Executed DbCommand (0ms) [Parameters=[@__currentUser_Id_0='?' (DbType = Int32)], CommandType='Text', CommandTimeout='30']
SELECT [a].[Id], [a].[AccessFailedCount], [a].[ConcurrencyStamp], [a].[Email], [a].[EmailConfirmed], [a].[LockoutEnabled], [a].[LockoutEnd], [a].[Name], [a].[NormalizedEmail], [a].[NormalizedUserName], [a].[PasswordHash], [a].[PhoneNumber], [a].[PhoneNumberConfirmed], [a].[Role], [a].[SecurityStamp], [a].[TwoFactorEnabled], [a].[UserName]
FROM [AspNetUsers] AS [a]
WHERE [a].[Id] <> @__currentUser_Id_0]
[INFO] - [21] - [?] - [Executed DbCommand (0ms) [Parameters=[@__p_0='?' (DbType = Int32)], CommandType='Text', CommandTimeout='30']
SELECT TOP(1) [a].[Id], [a].[AccessFailedCount], [a].[ConcurrencyStamp], [a].[Email], [a].[EmailConfirmed], [a].[LockoutEnabled], [a].[LockoutEnd], [a].[Name], [a].[NormalizedEmail], [a].[NormalizedUserName], [a].[PasswordHash], [a].[PhoneNumber], [a].[PhoneNumberConfirmed], [a].[Role], [a].[SecurityStamp], [a].[TwoFactorEnabled], [a].[UserName]
FROM [AspNetUsers] AS [a]
WHERE [a].[Id] = @__p_0]
[INFO] - [21] - [?] - [Executed DbCommand (0ms) [Parameters=[@__currentUser_Id_0='?' (DbType = Int32)], CommandType='Text', CommandTimeout='30']
SELECT [a].[Id], [a].[AccessFailedCount], [a].[ConcurrencyStamp], [a].[Email], [a].[EmailConfirmed], [a].[LockoutEnabled], [a].[LockoutEnd], [a].[Name], [a].[NormalizedEmail], [a].[NormalizedUserName], [a].[PasswordHash], [a].[PhoneNumber], [a].[PhoneNumberConfirmed], [a].[Role], [a].[SecurityStamp], [a].[TwoFactorEnabled], [a].[UserName]
FROM [AspNetUsers] AS [a]
WHERE [a].[Id] <> @__currentUser_Id_0]
[INFO] - [35] - [?] - [Executed DbCommand (1ms) [Parameters=[@__p_0='?' (DbType = Int32)], CommandType='Text', CommandTimeout='30']
SELECT [p0].[Id], [p0].[AppUserId], [p0].[Body], [p0].[CreatedAt], [p0].[PostStatus], [p0].[Title], [a].[Id], [c0].[Id], [c0].[AppUserId], [c0].[PostId], [c0].[Text], [c0].[Time], [r0].[Id], [r0].[AppUserId], [r0].[PostId], [r0].[ReactType], [a].[AccessFailedCount], [a].[ConcurrencyStamp], [a].[Email], [a].[EmailConfirmed], [a].[LockoutEnabled], [a].[LockoutEnd], [a].[Name], [a].[NormalizedEmail], [a].[NormalizedUserName], [a].[PasswordHash], [a].[PhoneNumber], [a].[PhoneNumberConfirmed], [a].[Role], [a].[SecurityStamp], [a].[TwoFactorEnabled], [a].[UserName]
FROM (
    SELECT TOP(@__p_0) [p].[Id], [p].[AppUserId], [p].[Body], [p].[CreatedAt], [p].[PostStatus], [p].[Title], (
        SELECT COUNT(*)
        FROM [Reactions] AS [r]
        WHERE [p].[Id] = [r].[PostId]) + (
        SELECT COUNT(*)
        FROM [Comments] AS [c]
        WHERE [p].[Id] = [c].[PostId]) AS [c]
    FROM [Posts] AS [p]
    ORDER BY (
        SELECT COUNT(*)
        FROM [Reactions] AS [r]
        WHERE [p].[Id] = [r].[PostId]) + (
        SELECT COUNT(*)
        FROM [Comments] AS [c]
        WHERE [p].[Id] = [c].[PostId]) DESC
) AS [p0]
INNER JOIN [AspNetUsers] AS [a] ON [p0].[AppUserId] = [a].[Id]
LEFT JOIN [Comments] AS [c0] ON [p0].[Id] = [c0].[PostId]
LEFT JOIN [Reactions] AS [r0] ON [p0].[Id] = [r0].[PostId]
ORDER BY [p0].[c] DESC, [p0].[Id], [a].[Id], [c0].[Id]]
[INFO] - [36] - [?] - [Executed DbCommand (0ms) [Parameters=[], CommandType='Text', CommandTimeout='30']
SELECT [p].[Id], [p].[AppUserId], [p].[Body], [p].[CreatedAt], [p].[PostStatus], [p].[Title], [a].[Id], [c].[Id], [c].[AppUserId], [c].[PostId], [c].[Text], [c].[Time], [r].[Id], [r].[AppUserId], [r].[PostId], [r].[ReactType], [a].[AccessFailedCount], [a].[ConcurrencyStamp], [a].[Email], [a].[EmailConfirmed], [a].[LockoutEnabled], [a].[LockoutEnd], [a].[Name], [a].[NormalizedEmail], [a].[NormalizedUserName], [a].[PasswordHash], [a].[PhoneNumber], [a].[PhoneNumberConfirmed], [a].[Role], [a].[SecurityStamp], [a].[TwoFactorEnabled], [a].[UserName]
FROM [Posts] AS [p]
INNER JOIN [AspNetUsers] AS [a] ON [p].[AppUserId] = [a].[Id]
LEFT JOIN [Comments] AS [c] ON [p].[Id] = [c].[PostId]
LEFT JOIN [Reactions] AS [r] ON [p].[Id] = [r].[PostId]
WHERE [p].[PostStatus] <> 10
ORDER BY [p].[CreatedAt] DESC, [p].[Id], [a].[Id], [c].[Id]]
[INFO] - [35] - [?] - [Executed DbCommand (1ms) [Parameters=[@__p_0='?' (DbType = Int32), @__p_1='?' (DbType = Int32)], CommandType='Text', CommandTimeout='30']
SELECT [p0].[Id], [p0].[AppUserId], [p0].[Body], [p0].[CreatedAt], [p0].[PostStatus], [p0].[Title], [a].[Id], [c].[Id], [c].[AppUserId], [c].[PostId], [c].[Text], [c].[Time], [r].[Id], [r].[AppUserId], [r].[PostId], [r].[ReactType], [a].[AccessFailedCount], [a].[ConcurrencyStamp], [a].[Email], [a].[EmailConfirmed], [a].[LockoutEnabled], [a].[LockoutEnd], [a].[Name], [a].[NormalizedEmail], [a].[NormalizedUserName], [a].[PasswordHash], [a].[PhoneNumber], [a].[PhoneNumberConfirmed], [a].[Role], [a].[SecurityStamp], [a].[TwoFactorEnabled], [a].[UserName]
FROM (
    SELECT [p].[Id], [p].[AppUserId], [p].[Body], [p].[CreatedAt], [p].[PostStatus], [p].[Title]
    FROM [Posts] AS [p]
    WHERE [p].[PostStatus] = 10
    ORDER BY [p].[CreatedAt] DESC
    OFFSET @__p_0 ROWS FETCH NEXT @__p_1 ROWS ONLY
) AS [p0]
INNER JOIN [AspNetUsers] AS [a] ON [p0].[AppUserId] = [a].[Id]
LEFT JOIN [Comments] AS [c] ON [p0].[Id] = [c].[PostId]
LEFT JOIN [Reactions] AS [r] ON [p0].[Id] = [r].[PostId]
ORDER BY [p0].[CreatedAt] DESC, [p0].[Id], [a].[Id], [c].[Id]]
[INFO] - [35] - [?] - [Executed DbCommand (1ms) [Parameters=[], CommandType='Text', CommandTimeout='30']
SELECT COUNT(*)
FROM [Posts] AS [p]]
[INFO] - [35] - [SimpleBlog.Presentation.Areas.User.Controllers.HomeController.Index(C:\Users\OPL-PC\Desktop\SimpleBlog\SimpleBlog\SimpleBlog.Presentation\Areas\User\Controllers\HomeController.cs:39)] - [Page Load]
[INFO] - [33] - [?] - [Executed DbCommand (0ms) [Parameters=[@__id_0='?' (DbType = Int32)], CommandType='Text', CommandTimeout='30']
SELECT [s].[Id], [s].[AppUserId], [s].[Body], [s].[CreatedAt], [s].[PostStatus], [s].[Title], [s].[Id0], [r].[Id], [r].[AppUserId], [r].[PostId], [r].[ReactType], [s].[AccessFailedCount], [s].[ConcurrencyStamp], [s].[Email], [s].[EmailConfirmed], [s].[LockoutEnabled], [s].[LockoutEnd], [s].[Name], [s].[NormalizedEmail], [s].[NormalizedUserName], [s].[PasswordHash], [s].[PhoneNumber], [s].[PhoneNumberConfirmed], [s].[Role], [s].[SecurityStamp], [s].[TwoFactorEnabled], [s].[UserName], [s0].[Id], [s0].[AppUserId], [s0].[PostId], [s0].[Text], [s0].[Time], [s0].[Id0], [s0].[AccessFailedCount], [s0].[ConcurrencyStamp], [s0].[Email], [s0].[EmailConfirmed], [s0].[LockoutEnabled], [s0].[LockoutEnd], [s0].[Name], [s0].[NormalizedEmail], [s0].[NormalizedUserName], [s0].[PasswordHash], [s0].[PhoneNumber], [s0].[PhoneNumberConfirmed], [s0].[Role], [s0].[SecurityStamp], [s0].[TwoFactorEnabled], [s0].[UserName]
FROM (
    SELECT TOP(1) [p].[Id], [p].[AppUserId], [p].[Body], [p].[CreatedAt], [p].[PostStatus], [p].[Title], [a].[Id] AS [Id0], [a].[AccessFailedCount], [a].[ConcurrencyStamp], [a].[Email], [a].[EmailConfirmed], [a].[LockoutEnabled], [a].[LockoutEnd], [a].[Name], [a].[NormalizedEmail], [a].[NormalizedUserName], [a].[PasswordHash], [a].[PhoneNumber], [a].[PhoneNumberConfirmed], [a].[Role], [a].[SecurityStamp], [a].[TwoFactorEnabled], [a].[UserName]
    FROM [Posts] AS [p]
    INNER JOIN [AspNetUsers] AS [a] ON [p].[AppUserId] = [a].[Id]
    WHERE [p].[Id] = @__id_0
) AS [s]
LEFT JOIN [Reactions] AS [r] ON [s].[Id] = [r].[PostId]
LEFT JOIN (
    SELECT [c].[Id], [c].[AppUserId], [c].[PostId], [c].[Text], [c].[Time], [a0].[Id] AS [Id0], [a0].[AccessFailedCount], [a0].[ConcurrencyStamp], [a0].[Email], [a0].[EmailConfirmed], [a0].[LockoutEnabled], [a0].[LockoutEnd], [a0].[Name], [a0].[NormalizedEmail], [a0].[NormalizedUserName], [a0].[PasswordHash], [a0].[PhoneNumber], [a0].[PhoneNumberConfirmed], [a0].[Role], [a0].[SecurityStamp], [a0].[TwoFactorEnabled], [a0].[UserName]
    FROM [Comments] AS [c]
    INNER JOIN [AspNetUsers] AS [a0] ON [c].[AppUserId] = [a0].[Id]
) AS [s0] ON [s].[Id] = [s0].[PostId]
ORDER BY [s].[Id], [s].[Id0], [r].[Id], [s0].[Id]]
[INFO] - [21] - [?] - [Executed DbCommand (0ms) [Parameters=[@__p_0='?' (DbType = Int32)], CommandType='Text', CommandTimeout='30']
SELECT TOP(1) [a].[Id], [a].[AccessFailedCount], [a].[ConcurrencyStamp], [a].[Email], [a].[EmailConfirmed], [a].[LockoutEnabled], [a].[LockoutEnd], [a].[Name], [a].[NormalizedEmail], [a].[NormalizedUserName], [a].[PasswordHash], [a].[PhoneNumber], [a].[PhoneNumberConfirmed], [a].[Role], [a].[SecurityStamp], [a].[TwoFactorEnabled], [a].[UserName]
FROM [AspNetUsers] AS [a]
WHERE [a].[Id] = @__p_0]
[INFO] - [34] - [?] - [Executed DbCommand (2ms) [Parameters=[@p0='?' (DbType = Int32), @p1='?' (DbType = Int32), @p2='?' (Size = 4000), @p3='?' (DbType = DateTime2)], CommandType='Text', CommandTimeout='30']
SET IMPLICIT_TRANSACTIONS OFF;
SET NOCOUNT ON;
INSERT INTO [Comments] ([AppUserId], [PostId], [Text], [Time])
OUTPUT INSERTED.[Id]
VALUES (@p0, @p1, @p2, @p3);]
[INFO] - [34] - [?] - [Executed DbCommand (0ms) [Parameters=[@__id_0='?' (DbType = Int32)], CommandType='Text', CommandTimeout='30']
SELECT [s].[Id], [s].[AppUserId], [s].[Body], [s].[CreatedAt], [s].[PostStatus], [s].[Title], [s].[Id0], [r].[Id], [r].[AppUserId], [r].[PostId], [r].[ReactType], [s].[AccessFailedCount], [s].[ConcurrencyStamp], [s].[Email], [s].[EmailConfirmed], [s].[LockoutEnabled], [s].[LockoutEnd], [s].[Name], [s].[NormalizedEmail], [s].[NormalizedUserName], [s].[PasswordHash], [s].[PhoneNumber], [s].[PhoneNumberConfirmed], [s].[Role], [s].[SecurityStamp], [s].[TwoFactorEnabled], [s].[UserName], [s0].[Id], [s0].[AppUserId], [s0].[PostId], [s0].[Text], [s0].[Time], [s0].[Id0], [s0].[AccessFailedCount], [s0].[ConcurrencyStamp], [s0].[Email], [s0].[EmailConfirmed], [s0].[LockoutEnabled], [s0].[LockoutEnd], [s0].[Name], [s0].[NormalizedEmail], [s0].[NormalizedUserName], [s0].[PasswordHash], [s0].[PhoneNumber], [s0].[PhoneNumberConfirmed], [s0].[Role], [s0].[SecurityStamp], [s0].[TwoFactorEnabled], [s0].[UserName]
FROM (
    SELECT TOP(1) [p].[Id], [p].[AppUserId], [p].[Body], [p].[CreatedAt], [p].[PostStatus], [p].[Title], [a].[Id] AS [Id0], [a].[AccessFailedCount], [a].[ConcurrencyStamp], [a].[Email], [a].[EmailConfirmed], [a].[LockoutEnabled], [a].[LockoutEnd], [a].[Name], [a].[NormalizedEmail], [a].[NormalizedUserName], [a].[PasswordHash], [a].[PhoneNumber], [a].[PhoneNumberConfirmed], [a].[Role], [a].[SecurityStamp], [a].[TwoFactorEnabled], [a].[UserName]
    FROM [Posts] AS [p]
    INNER JOIN [AspNetUsers] AS [a] ON [p].[AppUserId] = [a].[Id]
    WHERE [p].[Id] = @__id_0
) AS [s]
LEFT JOIN [Reactions] AS [r] ON [s].[Id] = [r].[PostId]
LEFT JOIN (
    SELECT [c].[Id], [c].[AppUserId], [c].[PostId], [c].[Text], [c].[Time], [a0].[Id] AS [Id0], [a0].[AccessFailedCount], [a0].[ConcurrencyStamp], [a0].[Email], [a0].[EmailConfirmed], [a0].[LockoutEnabled], [a0].[LockoutEnd], [a0].[Name], [a0].[NormalizedEmail], [a0].[NormalizedUserName], [a0].[PasswordHash], [a0].[PhoneNumber], [a0].[PhoneNumberConfirmed], [a0].[Role], [a0].[SecurityStamp], [a0].[TwoFactorEnabled], [a0].[UserName]
    FROM [Comments] AS [c]
    INNER JOIN [AspNetUsers] AS [a0] ON [c].[AppUserId] = [a0].[Id]
) AS [s0] ON [s].[Id] = [s0].[PostId]
ORDER BY [s].[Id], [s].[Id0], [r].[Id], [s0].[Id]]
[INFO] - [33] - [?] - [Executed DbCommand (1ms) [Parameters=[@__p_0='?' (DbType = Int32), @__p_1='?' (DbType = Int32)], CommandType='Text', CommandTimeout='30']
SELECT [p0].[Id], [p0].[AppUserId], [p0].[Body], [p0].[CreatedAt], [p0].[PostStatus], [p0].[Title], [a].[Id], [c].[Id], [c].[AppUserId], [c].[PostId], [c].[Text], [c].[Time], [r].[Id], [r].[AppUserId], [r].[PostId], [r].[ReactType], [a].[AccessFailedCount], [a].[ConcurrencyStamp], [a].[Email], [a].[EmailConfirmed], [a].[LockoutEnabled], [a].[LockoutEnd], [a].[Name], [a].[NormalizedEmail], [a].[NormalizedUserName], [a].[PasswordHash], [a].[PhoneNumber], [a].[PhoneNumberConfirmed], [a].[Role], [a].[SecurityStamp], [a].[TwoFactorEnabled], [a].[UserName]
FROM (
    SELECT [p].[Id], [p].[AppUserId], [p].[Body], [p].[CreatedAt], [p].[PostStatus], [p].[Title]
    FROM [Posts] AS [p]
    WHERE [p].[PostStatus] = 10
    ORDER BY [p].[CreatedAt] DESC
    OFFSET @__p_0 ROWS FETCH NEXT @__p_1 ROWS ONLY
) AS [p0]
INNER JOIN [AspNetUsers] AS [a] ON [p0].[AppUserId] = [a].[Id]
LEFT JOIN [Comments] AS [c] ON [p0].[Id] = [c].[PostId]
LEFT JOIN [Reactions] AS [r] ON [p0].[Id] = [r].[PostId]
ORDER BY [p0].[CreatedAt] DESC, [p0].[Id], [a].[Id], [c].[Id]]
[INFO] - [33] - [?] - [Executed DbCommand (0ms) [Parameters=[], CommandType='Text', CommandTimeout='30']
SELECT COUNT(*)
FROM [Posts] AS [p]]
[INFO] - [33] - [SimpleBlog.Presentation.Areas.User.Controllers.HomeController.Index(C:\Users\OPL-PC\Desktop\SimpleBlog\SimpleBlog\SimpleBlog.Presentation\Areas\User\Controllers\HomeController.cs:39)] - [Page Load]
[INFO] - [35] - [?] - [Executed DbCommand (0ms) [Parameters=[@__p_0='?' (DbType = Int32), @__p_1='?' (DbType = Int32)], CommandType='Text', CommandTimeout='30']
SELECT [p0].[Id], [p0].[AppUserId], [p0].[Body], [p0].[CreatedAt], [p0].[PostStatus], [p0].[Title], [a].[Id], [c].[Id], [c].[AppUserId], [c].[PostId], [c].[Text], [c].[Time], [r].[Id], [r].[AppUserId], [r].[PostId], [r].[ReactType], [a].[AccessFailedCount], [a].[ConcurrencyStamp], [a].[Email], [a].[EmailConfirmed], [a].[LockoutEnabled], [a].[LockoutEnd], [a].[Name], [a].[NormalizedEmail], [a].[NormalizedUserName], [a].[PasswordHash], [a].[PhoneNumber], [a].[PhoneNumberConfirmed], [a].[Role], [a].[SecurityStamp], [a].[TwoFactorEnabled], [a].[UserName]
FROM (
    SELECT [p].[Id], [p].[AppUserId], [p].[Body], [p].[CreatedAt], [p].[PostStatus], [p].[Title]
    FROM [Posts] AS [p]
    WHERE [p].[PostStatus] = 10
    ORDER BY [p].[CreatedAt] DESC
    OFFSET @__p_0 ROWS FETCH NEXT @__p_1 ROWS ONLY
) AS [p0]
INNER JOIN [AspNetUsers] AS [a] ON [p0].[AppUserId] = [a].[Id]
LEFT JOIN [Comments] AS [c] ON [p0].[Id] = [c].[PostId]
LEFT JOIN [Reactions] AS [r] ON [p0].[Id] = [r].[PostId]
ORDER BY [p0].[CreatedAt] DESC, [p0].[Id], [a].[Id], [c].[Id]]
[INFO] - [35] - [?] - [Executed DbCommand (0ms) [Parameters=[], CommandType='Text', CommandTimeout='30']
SELECT COUNT(*)
FROM [Posts] AS [p]]
[INFO] - [35] - [SimpleBlog.Presentation.Areas.User.Controllers.HomeController.Index(C:\Users\OPL-PC\Desktop\SimpleBlog\SimpleBlog\SimpleBlog.Presentation\Areas\User\Controllers\HomeController.cs:39)] - [Page Load]
[INFO] - [33] - [?] - [Executed DbCommand (2ms) [Parameters=[@__normalizedUserName_0='?' (Size = 256)], CommandType='Text', CommandTimeout='30']
SELECT TOP(1) [a].[Id], [a].[AccessFailedCount], [a].[ConcurrencyStamp], [a].[Email], [a].[EmailConfirmed], [a].[LockoutEnabled], [a].[LockoutEnd], [a].[Name], [a].[NormalizedEmail], [a].[NormalizedUserName], [a].[PasswordHash], [a].[PhoneNumber], [a].[PhoneNumberConfirmed], [a].[Role], [a].[SecurityStamp], [a].[TwoFactorEnabled], [a].[UserName]
FROM [AspNetUsers] AS [a]
WHERE [a].[NormalizedUserName] = @__normalizedUserName_0]
[INFO] - [20] - [?] - [Executed DbCommand (2ms) [Parameters=[@__user_Id_0='?' (DbType = Int32)], CommandType='Text', CommandTimeout='30']
SELECT [a].[Id], [a].[ClaimType], [a].[ClaimValue], [a].[UserId]
FROM [AspNetUserClaims] AS [a]
WHERE [a].[UserId] = @__user_Id_0]
[INFO] - [33] - [?] - [Executed DbCommand (2ms) [Parameters=[@__userId_0='?' (DbType = Int32)], CommandType='Text', CommandTimeout='30']
SELECT [a0].[Name]
FROM [AspNetUserRoles] AS [a]
INNER JOIN [AspNetRoles] AS [a0] ON [a].[RoleId] = [a0].[Id]
WHERE [a].[UserId] = @__userId_0]
[INFO] - [20] - [?] - [Executed DbCommand (1ms) [Parameters=[@__normalizedName_0='?' (Size = 256)], CommandType='Text', CommandTimeout='30']
SELECT TOP(1) [a].[Id], [a].[ConcurrencyStamp], [a].[Name], [a].[NormalizedName]
FROM [AspNetRoles] AS [a]
WHERE [a].[NormalizedName] = @__normalizedName_0]
[INFO] - [33] - [?] - [Executed DbCommand (1ms) [Parameters=[@__role_Id_0='?' (DbType = Int32)], CommandType='Text', CommandTimeout='30']
SELECT [a].[ClaimType], [a].[ClaimValue]
FROM [AspNetRoleClaims] AS [a]
WHERE [a].[RoleId] = @__role_Id_0]
[INFO] - [36] - [?] - [Executed DbCommand (1ms) [Parameters=[@__p_0='?' (DbType = Int32), @__p_1='?' (DbType = Int32)], CommandType='Text', CommandTimeout='30']
SELECT [p0].[Id], [p0].[AppUserId], [p0].[Body], [p0].[CreatedAt], [p0].[PostStatus], [p0].[Title], [a].[Id], [c].[Id], [c].[AppUserId], [c].[PostId], [c].[Text], [c].[Time], [r].[Id], [r].[AppUserId], [r].[PostId], [r].[ReactType], [a].[AccessFailedCount], [a].[ConcurrencyStamp], [a].[Email], [a].[EmailConfirmed], [a].[LockoutEnabled], [a].[LockoutEnd], [a].[Name], [a].[NormalizedEmail], [a].[NormalizedUserName], [a].[PasswordHash], [a].[PhoneNumber], [a].[PhoneNumberConfirmed], [a].[Role], [a].[SecurityStamp], [a].[TwoFactorEnabled], [a].[UserName]
FROM (
    SELECT [p].[Id], [p].[AppUserId], [p].[Body], [p].[CreatedAt], [p].[PostStatus], [p].[Title]
    FROM [Posts] AS [p]
    WHERE [p].[PostStatus] = 10
    ORDER BY [p].[CreatedAt] DESC
    OFFSET @__p_0 ROWS FETCH NEXT @__p_1 ROWS ONLY
) AS [p0]
INNER JOIN [AspNetUsers] AS [a] ON [p0].[AppUserId] = [a].[Id]
LEFT JOIN [Comments] AS [c] ON [p0].[Id] = [c].[PostId]
LEFT JOIN [Reactions] AS [r] ON [p0].[Id] = [r].[PostId]
ORDER BY [p0].[CreatedAt] DESC, [p0].[Id], [a].[Id], [c].[Id]]
[INFO] - [36] - [?] - [Executed DbCommand (0ms) [Parameters=[], CommandType='Text', CommandTimeout='30']
SELECT COUNT(*)
FROM [Posts] AS [p]]
[INFO] - [36] - [SimpleBlog.Presentation.Areas.User.Controllers.HomeController.Index(C:\Users\OPL-PC\Desktop\SimpleBlog\SimpleBlog\SimpleBlog.Presentation\Areas\User\Controllers\HomeController.cs:39)] - [Page Load]
[INFO] - [32] - [?] - [Executed DbCommand (0ms) [Parameters=[@__p_0='?' (DbType = Int32)], CommandType='Text', CommandTimeout='30']
SELECT TOP(1) [a].[Id], [a].[AccessFailedCount], [a].[ConcurrencyStamp], [a].[Email], [a].[EmailConfirmed], [a].[LockoutEnabled], [a].[LockoutEnd], [a].[Name], [a].[NormalizedEmail], [a].[NormalizedUserName], [a].[PasswordHash], [a].[PhoneNumber], [a].[PhoneNumberConfirmed], [a].[Role], [a].[SecurityStamp], [a].[TwoFactorEnabled], [a].[UserName]
FROM [AspNetUsers] AS [a]
WHERE [a].[Id] = @__p_0]
[WARN] - [32] - [?] - [Compiling a query which loads related collections for more than one collection navigation, either via 'Include' or through projection, but no 'QuerySplittingBehavior' has been configured. By default, Entity Framework will use 'QuerySplittingBehavior.SingleQuery', which can potentially result in slow query performance. See https://go.microsoft.com/fwlink/?linkid=2134277 for more information. To identify the query that's triggering this warning call 'ConfigureWarnings(w => w.Throw(RelationalEventId.MultipleCollectionIncludeWarning))'.]
[INFO] - [32] - [?] - [Executed DbCommand (4ms) [Parameters=[@__user_Id_0='?' (DbType = Int32)], CommandType='Text', CommandTimeout='30']
SELECT [p].[Id], [p].[AppUserId], [p].[Body], [p].[CreatedAt], [p].[PostStatus], [p].[Title], [a].[Id], [c].[Id], [c].[AppUserId], [c].[PostId], [c].[Text], [c].[Time], [r].[Id], [r].[AppUserId], [r].[PostId], [r].[ReactType], [a].[AccessFailedCount], [a].[ConcurrencyStamp], [a].[Email], [a].[EmailConfirmed], [a].[LockoutEnabled], [a].[LockoutEnd], [a].[Name], [a].[NormalizedEmail], [a].[NormalizedUserName], [a].[PasswordHash], [a].[PhoneNumber], [a].[PhoneNumberConfirmed], [a].[Role], [a].[SecurityStamp], [a].[TwoFactorEnabled], [a].[UserName]
FROM [Posts] AS [p]
INNER JOIN [AspNetUsers] AS [a] ON [p].[AppUserId] = [a].[Id]
LEFT JOIN [Comments] AS [c] ON [p].[Id] = [c].[PostId]
LEFT JOIN [Reactions] AS [r] ON [p].[Id] = [r].[PostId]
WHERE [p].[AppUserId] = @__user_Id_0
ORDER BY [p].[CreatedAt] DESC, [p].[Id], [a].[Id], [c].[Id]]
[INFO] - [33] - [?] - [Executed DbCommand (0ms) [Parameters=[@__p_0='?' (DbType = Int32)], CommandType='Text', CommandTimeout='30']
SELECT TOP(1) [a].[Id], [a].[AccessFailedCount], [a].[ConcurrencyStamp], [a].[Email], [a].[EmailConfirmed], [a].[LockoutEnabled], [a].[LockoutEnd], [a].[Name], [a].[NormalizedEmail], [a].[NormalizedUserName], [a].[PasswordHash], [a].[PhoneNumber], [a].[PhoneNumberConfirmed], [a].[Role], [a].[SecurityStamp], [a].[TwoFactorEnabled], [a].[UserName]
FROM [AspNetUsers] AS [a]
WHERE [a].[Id] = @__p_0]
[WARN] - [33] - [?] - [Compiling a query which loads related collections for more than one collection navigation, either via 'Include' or through projection, but no 'QuerySplittingBehavior' has been configured. By default, Entity Framework will use 'QuerySplittingBehavior.SingleQuery', which can potentially result in slow query performance. See https://go.microsoft.com/fwlink/?linkid=2134277 for more information. To identify the query that's triggering this warning call 'ConfigureWarnings(w => w.Throw(RelationalEventId.MultipleCollectionIncludeWarning))'.]
[INFO] - [33] - [?] - [Executed DbCommand (3ms) [Parameters=[@__user_Id_0='?' (DbType = Int32), @__p_1='?' (DbType = Int32)], CommandType='Text', CommandTimeout='30']
SELECT [p].[Id], [p].[AppUserId], [p].[Body], [p].[CreatedAt], [p].[PostStatus], [p].[Title], [a].[Id], [c].[Id], [c].[AppUserId], [c].[PostId], [c].[Text], [c].[Time], [r].[Id], [r].[AppUserId], [r].[PostId], [r].[ReactType], [a].[AccessFailedCount], [a].[ConcurrencyStamp], [a].[Email], [a].[EmailConfirmed], [a].[LockoutEnabled], [a].[LockoutEnd], [a].[Name], [a].[NormalizedEmail], [a].[NormalizedUserName], [a].[PasswordHash], [a].[PhoneNumber], [a].[PhoneNumberConfirmed], [a].[Role], [a].[SecurityStamp], [a].[TwoFactorEnabled], [a].[UserName]
FROM [Posts] AS [p]
INNER JOIN [AspNetUsers] AS [a] ON [p].[AppUserId] = [a].[Id]
LEFT JOIN [Comments] AS [c] ON [p].[Id] = [c].[PostId]
LEFT JOIN [Reactions] AS [r] ON [p].[Id] = [r].[PostId]
WHERE [p].[AppUserId] = @__user_Id_0 AND [p].[PostStatus] = @__p_1
ORDER BY [p].[CreatedAt] DESC, [p].[Id], [a].[Id], [c].[Id]]
[INFO] - [31] - [?] - [Executed DbCommand (1ms) [Parameters=[@__p_0='?' (DbType = Int32)], CommandType='Text', CommandTimeout='30']
SELECT TOP(1) [a].[Id], [a].[AccessFailedCount], [a].[ConcurrencyStamp], [a].[Email], [a].[EmailConfirmed], [a].[LockoutEnabled], [a].[LockoutEnd], [a].[Name], [a].[NormalizedEmail], [a].[NormalizedUserName], [a].[PasswordHash], [a].[PhoneNumber], [a].[PhoneNumberConfirmed], [a].[Role], [a].[SecurityStamp], [a].[TwoFactorEnabled], [a].[UserName]
FROM [AspNetUsers] AS [a]
WHERE [a].[Id] = @__p_0]
[INFO] - [31] - [?] - [Executed DbCommand (1ms) [Parameters=[@__user_Id_0='?' (DbType = Int32)], CommandType='Text', CommandTimeout='30']
SELECT [p].[Id], [p].[AppUserId], [p].[Body], [p].[CreatedAt], [p].[PostStatus], [p].[Title], [a].[Id], [c].[Id], [c].[AppUserId], [c].[PostId], [c].[Text], [c].[Time], [r].[Id], [r].[AppUserId], [r].[PostId], [r].[ReactType], [a].[AccessFailedCount], [a].[ConcurrencyStamp], [a].[Email], [a].[EmailConfirmed], [a].[LockoutEnabled], [a].[LockoutEnd], [a].[Name], [a].[NormalizedEmail], [a].[NormalizedUserName], [a].[PasswordHash], [a].[PhoneNumber], [a].[PhoneNumberConfirmed], [a].[Role], [a].[SecurityStamp], [a].[TwoFactorEnabled], [a].[UserName]
FROM [Posts] AS [p]
INNER JOIN [AspNetUsers] AS [a] ON [p].[AppUserId] = [a].[Id]
LEFT JOIN [Comments] AS [c] ON [p].[Id] = [c].[PostId]
LEFT JOIN [Reactions] AS [r] ON [p].[Id] = [r].[PostId]
WHERE [p].[AppUserId] = @__user_Id_0
ORDER BY [p].[CreatedAt] DESC, [p].[Id], [a].[Id], [c].[Id]]
[INFO] - [30] - [?] - [Executed DbCommand (1ms) [Parameters=[@__p_0='?' (DbType = Int32)], CommandType='Text', CommandTimeout='30']
SELECT TOP(1) [a].[Id], [a].[AccessFailedCount], [a].[ConcurrencyStamp], [a].[Email], [a].[EmailConfirmed], [a].[LockoutEnabled], [a].[LockoutEnd], [a].[Name], [a].[NormalizedEmail], [a].[NormalizedUserName], [a].[PasswordHash], [a].[PhoneNumber], [a].[PhoneNumberConfirmed], [a].[Role], [a].[SecurityStamp], [a].[TwoFactorEnabled], [a].[UserName]
FROM [AspNetUsers] AS [a]
WHERE [a].[Id] = @__p_0]
[INFO] - [30] - [?] - [Executed DbCommand (1ms) [Parameters=[@__user_Id_0='?' (DbType = Int32), @__p_1='?' (DbType = Int32)], CommandType='Text', CommandTimeout='30']
SELECT [p].[Id], [p].[AppUserId], [p].[Body], [p].[CreatedAt], [p].[PostStatus], [p].[Title], [a].[Id], [c].[Id], [c].[AppUserId], [c].[PostId], [c].[Text], [c].[Time], [r].[Id], [r].[AppUserId], [r].[PostId], [r].[ReactType], [a].[AccessFailedCount], [a].[ConcurrencyStamp], [a].[Email], [a].[EmailConfirmed], [a].[LockoutEnabled], [a].[LockoutEnd], [a].[Name], [a].[NormalizedEmail], [a].[NormalizedUserName], [a].[PasswordHash], [a].[PhoneNumber], [a].[PhoneNumberConfirmed], [a].[Role], [a].[SecurityStamp], [a].[TwoFactorEnabled], [a].[UserName]
FROM [Posts] AS [p]
INNER JOIN [AspNetUsers] AS [a] ON [p].[AppUserId] = [a].[Id]
LEFT JOIN [Comments] AS [c] ON [p].[Id] = [c].[PostId]
LEFT JOIN [Reactions] AS [r] ON [p].[Id] = [r].[PostId]
WHERE [p].[AppUserId] = @__user_Id_0 AND [p].[PostStatus] = @__p_1
ORDER BY [p].[CreatedAt] DESC, [p].[Id], [a].[Id], [c].[Id]]
[INFO] - [33] - [?] - [Executed DbCommand (0ms) [Parameters=[@__p_0='?' (DbType = Int32)], CommandType='Text', CommandTimeout='30']
SELECT TOP(1) [a].[Id], [a].[AccessFailedCount], [a].[ConcurrencyStamp], [a].[Email], [a].[EmailConfirmed], [a].[LockoutEnabled], [a].[LockoutEnd], [a].[Name], [a].[NormalizedEmail], [a].[NormalizedUserName], [a].[PasswordHash], [a].[PhoneNumber], [a].[PhoneNumberConfirmed], [a].[Role], [a].[SecurityStamp], [a].[TwoFactorEnabled], [a].[UserName]
FROM [AspNetUsers] AS [a]
WHERE [a].[Id] = @__p_0]
[INFO] - [33] - [?] - [Executed DbCommand (0ms) [Parameters=[@__user_Id_0='?' (DbType = Int32), @__p_1='?' (DbType = Int32)], CommandType='Text', CommandTimeout='30']
SELECT [p].[Id], [p].[AppUserId], [p].[Body], [p].[CreatedAt], [p].[PostStatus], [p].[Title], [a].[Id], [c].[Id], [c].[AppUserId], [c].[PostId], [c].[Text], [c].[Time], [r].[Id], [r].[AppUserId], [r].[PostId], [r].[ReactType], [a].[AccessFailedCount], [a].[ConcurrencyStamp], [a].[Email], [a].[EmailConfirmed], [a].[LockoutEnabled], [a].[LockoutEnd], [a].[Name], [a].[NormalizedEmail], [a].[NormalizedUserName], [a].[PasswordHash], [a].[PhoneNumber], [a].[PhoneNumberConfirmed], [a].[Role], [a].[SecurityStamp], [a].[TwoFactorEnabled], [a].[UserName]
FROM [Posts] AS [p]
INNER JOIN [AspNetUsers] AS [a] ON [p].[AppUserId] = [a].[Id]
LEFT JOIN [Comments] AS [c] ON [p].[Id] = [c].[PostId]
LEFT JOIN [Reactions] AS [r] ON [p].[Id] = [r].[PostId]
WHERE [p].[AppUserId] = @__user_Id_0 AND [p].[PostStatus] = @__p_1
ORDER BY [p].[CreatedAt] DESC, [p].[Id], [a].[Id], [c].[Id]]
[INFO] - [31] - [?] - [Executed DbCommand (0ms) [Parameters=[@__p_0='?' (DbType = Int32)], CommandType='Text', CommandTimeout='30']
SELECT TOP(1) [a].[Id], [a].[AccessFailedCount], [a].[ConcurrencyStamp], [a].[Email], [a].[EmailConfirmed], [a].[LockoutEnabled], [a].[LockoutEnd], [a].[Name], [a].[NormalizedEmail], [a].[NormalizedUserName], [a].[PasswordHash], [a].[PhoneNumber], [a].[PhoneNumberConfirmed], [a].[Role], [a].[SecurityStamp], [a].[TwoFactorEnabled], [a].[UserName]
FROM [AspNetUsers] AS [a]
WHERE [a].[Id] = @__p_0]
[INFO] - [31] - [?] - [Executed DbCommand (1ms) [Parameters=[@__user_Id_0='?' (DbType = Int32), @__p_1='?' (DbType = Int32)], CommandType='Text', CommandTimeout='30']
SELECT [p].[Id], [p].[AppUserId], [p].[Body], [p].[CreatedAt], [p].[PostStatus], [p].[Title], [a].[Id], [c].[Id], [c].[AppUserId], [c].[PostId], [c].[Text], [c].[Time], [r].[Id], [r].[AppUserId], [r].[PostId], [r].[ReactType], [a].[AccessFailedCount], [a].[ConcurrencyStamp], [a].[Email], [a].[EmailConfirmed], [a].[LockoutEnabled], [a].[LockoutEnd], [a].[Name], [a].[NormalizedEmail], [a].[NormalizedUserName], [a].[PasswordHash], [a].[PhoneNumber], [a].[PhoneNumberConfirmed], [a].[Role], [a].[SecurityStamp], [a].[TwoFactorEnabled], [a].[UserName]
FROM [Posts] AS [p]
INNER JOIN [AspNetUsers] AS [a] ON [p].[AppUserId] = [a].[Id]
LEFT JOIN [Comments] AS [c] ON [p].[Id] = [c].[PostId]
LEFT JOIN [Reactions] AS [r] ON [p].[Id] = [r].[PostId]
WHERE [p].[AppUserId] = @__user_Id_0 AND [p].[PostStatus] = @__p_1
ORDER BY [p].[CreatedAt] DESC, [p].[Id], [a].[Id], [c].[Id]]
[INFO] - [30] - [?] - [Executed DbCommand (0ms) [Parameters=[@__p_0='?' (DbType = Int32)], CommandType='Text', CommandTimeout='30']
SELECT TOP(1) [a].[Id], [a].[AccessFailedCount], [a].[ConcurrencyStamp], [a].[Email], [a].[EmailConfirmed], [a].[LockoutEnabled], [a].[LockoutEnd], [a].[Name], [a].[NormalizedEmail], [a].[NormalizedUserName], [a].[PasswordHash], [a].[PhoneNumber], [a].[PhoneNumberConfirmed], [a].[Role], [a].[SecurityStamp], [a].[TwoFactorEnabled], [a].[UserName]
FROM [AspNetUsers] AS [a]
WHERE [a].[Id] = @__p_0]
[INFO] - [30] - [?] - [Executed DbCommand (1ms) [Parameters=[@__user_Id_0='?' (DbType = Int32), @__p_1='?' (DbType = Int32)], CommandType='Text', CommandTimeout='30']
SELECT [p].[Id], [p].[AppUserId], [p].[Body], [p].[CreatedAt], [p].[PostStatus], [p].[Title], [a].[Id], [c].[Id], [c].[AppUserId], [c].[PostId], [c].[Text], [c].[Time], [r].[Id], [r].[AppUserId], [r].[PostId], [r].[ReactType], [a].[AccessFailedCount], [a].[ConcurrencyStamp], [a].[Email], [a].[EmailConfirmed], [a].[LockoutEnabled], [a].[LockoutEnd], [a].[Name], [a].[NormalizedEmail], [a].[NormalizedUserName], [a].[PasswordHash], [a].[PhoneNumber], [a].[PhoneNumberConfirmed], [a].[Role], [a].[SecurityStamp], [a].[TwoFactorEnabled], [a].[UserName]
FROM [Posts] AS [p]
INNER JOIN [AspNetUsers] AS [a] ON [p].[AppUserId] = [a].[Id]
LEFT JOIN [Comments] AS [c] ON [p].[Id] = [c].[PostId]
LEFT JOIN [Reactions] AS [r] ON [p].[Id] = [r].[PostId]
WHERE [p].[AppUserId] = @__user_Id_0 AND [p].[PostStatus] = @__p_1
ORDER BY [p].[CreatedAt] DESC, [p].[Id], [a].[Id], [c].[Id]]
[INFO] - [30] - [?] - [Executed DbCommand (0ms) [Parameters=[@__p_0='?' (DbType = Int32)], CommandType='Text', CommandTimeout='30']
SELECT TOP(1) [a].[Id], [a].[AccessFailedCount], [a].[ConcurrencyStamp], [a].[Email], [a].[EmailConfirmed], [a].[LockoutEnabled], [a].[LockoutEnd], [a].[Name], [a].[NormalizedEmail], [a].[NormalizedUserName], [a].[PasswordHash], [a].[PhoneNumber], [a].[PhoneNumberConfirmed], [a].[Role], [a].[SecurityStamp], [a].[TwoFactorEnabled], [a].[UserName]
FROM [AspNetUsers] AS [a]
WHERE [a].[Id] = @__p_0]
[INFO] - [30] - [?] - [Executed DbCommand (0ms) [Parameters=[@__user_Id_0='?' (DbType = Int32), @__p_1='?' (DbType = Int32)], CommandType='Text', CommandTimeout='30']
SELECT [p].[Id], [p].[AppUserId], [p].[Body], [p].[CreatedAt], [p].[PostStatus], [p].[Title], [a].[Id], [c].[Id], [c].[AppUserId], [c].[PostId], [c].[Text], [c].[Time], [r].[Id], [r].[AppUserId], [r].[PostId], [r].[ReactType], [a].[AccessFailedCount], [a].[ConcurrencyStamp], [a].[Email], [a].[EmailConfirmed], [a].[LockoutEnabled], [a].[LockoutEnd], [a].[Name], [a].[NormalizedEmail], [a].[NormalizedUserName], [a].[PasswordHash], [a].[PhoneNumber], [a].[PhoneNumberConfirmed], [a].[Role], [a].[SecurityStamp], [a].[TwoFactorEnabled], [a].[UserName]
FROM [Posts] AS [p]
INNER JOIN [AspNetUsers] AS [a] ON [p].[AppUserId] = [a].[Id]
LEFT JOIN [Comments] AS [c] ON [p].[Id] = [c].[PostId]
LEFT JOIN [Reactions] AS [r] ON [p].[Id] = [r].[PostId]
WHERE [p].[AppUserId] = @__user_Id_0 AND [p].[PostStatus] = @__p_1
ORDER BY [p].[CreatedAt] DESC, [p].[Id], [a].[Id], [c].[Id]]
[INFO] - [33] - [?] - [Executed DbCommand (1ms) [Parameters=[@__p_0='?' (DbType = Int32)], CommandType='Text', CommandTimeout='30']
SELECT TOP(1) [a].[Id], [a].[AccessFailedCount], [a].[ConcurrencyStamp], [a].[Email], [a].[EmailConfirmed], [a].[LockoutEnabled], [a].[LockoutEnd], [a].[Name], [a].[NormalizedEmail], [a].[NormalizedUserName], [a].[PasswordHash], [a].[PhoneNumber], [a].[PhoneNumberConfirmed], [a].[Role], [a].[SecurityStamp], [a].[TwoFactorEnabled], [a].[UserName]
FROM [AspNetUsers] AS [a]
WHERE [a].[Id] = @__p_0]
[INFO] - [33] - [?] - [Executed DbCommand (0ms) [Parameters=[@__user_Id_0='?' (DbType = Int32)], CommandType='Text', CommandTimeout='30']
SELECT [p].[Id], [p].[AppUserId], [p].[Body], [p].[CreatedAt], [p].[PostStatus], [p].[Title], [a].[Id], [c].[Id], [c].[AppUserId], [c].[PostId], [c].[Text], [c].[Time], [r].[Id], [r].[AppUserId], [r].[PostId], [r].[ReactType], [a].[AccessFailedCount], [a].[ConcurrencyStamp], [a].[Email], [a].[EmailConfirmed], [a].[LockoutEnabled], [a].[LockoutEnd], [a].[Name], [a].[NormalizedEmail], [a].[NormalizedUserName], [a].[PasswordHash], [a].[PhoneNumber], [a].[PhoneNumberConfirmed], [a].[Role], [a].[SecurityStamp], [a].[TwoFactorEnabled], [a].[UserName]
FROM [Posts] AS [p]
INNER JOIN [AspNetUsers] AS [a] ON [p].[AppUserId] = [a].[Id]
LEFT JOIN [Comments] AS [c] ON [p].[Id] = [c].[PostId]
LEFT JOIN [Reactions] AS [r] ON [p].[Id] = [r].[PostId]
WHERE [p].[AppUserId] = @__user_Id_0
ORDER BY [p].[CreatedAt] DESC, [p].[Id], [a].[Id], [c].[Id]]
[INFO] - [35] - [?] - [Executed DbCommand (0ms) [Parameters=[@__p_0='?' (DbType = Int32)], CommandType='Text', CommandTimeout='30']
SELECT TOP(1) [a].[Id], [a].[AccessFailedCount], [a].[ConcurrencyStamp], [a].[Email], [a].[EmailConfirmed], [a].[LockoutEnabled], [a].[LockoutEnd], [a].[Name], [a].[NormalizedEmail], [a].[NormalizedUserName], [a].[PasswordHash], [a].[PhoneNumber], [a].[PhoneNumberConfirmed], [a].[Role], [a].[SecurityStamp], [a].[TwoFactorEnabled], [a].[UserName]
FROM [AspNetUsers] AS [a]
WHERE [a].[Id] = @__p_0]
[INFO] - [35] - [?] - [Executed DbCommand (1ms) [Parameters=[@__user_Id_0='?' (DbType = Int32), @__p_1='?' (DbType = Int32)], CommandType='Text', CommandTimeout='30']
SELECT [p].[Id], [p].[AppUserId], [p].[Body], [p].[CreatedAt], [p].[PostStatus], [p].[Title], [a].[Id], [c].[Id], [c].[AppUserId], [c].[PostId], [c].[Text], [c].[Time], [r].[Id], [r].[AppUserId], [r].[PostId], [r].[ReactType], [a].[AccessFailedCount], [a].[ConcurrencyStamp], [a].[Email], [a].[EmailConfirmed], [a].[LockoutEnabled], [a].[LockoutEnd], [a].[Name], [a].[NormalizedEmail], [a].[NormalizedUserName], [a].[PasswordHash], [a].[PhoneNumber], [a].[PhoneNumberConfirmed], [a].[Role], [a].[SecurityStamp], [a].[TwoFactorEnabled], [a].[UserName]
FROM [Posts] AS [p]
INNER JOIN [AspNetUsers] AS [a] ON [p].[AppUserId] = [a].[Id]
LEFT JOIN [Comments] AS [c] ON [p].[Id] = [c].[PostId]
LEFT JOIN [Reactions] AS [r] ON [p].[Id] = [r].[PostId]
WHERE [p].[AppUserId] = @__user_Id_0 AND [p].[PostStatus] = @__p_1
ORDER BY [p].[CreatedAt] DESC, [p].[Id], [a].[Id], [c].[Id]]
[INFO] - [35] - [?] - [Executed DbCommand (0ms) [Parameters=[@__p_0='?' (DbType = Int32)], CommandType='Text', CommandTimeout='30']
SELECT TOP(1) [a].[Id], [a].[AccessFailedCount], [a].[ConcurrencyStamp], [a].[Email], [a].[EmailConfirmed], [a].[LockoutEnabled], [a].[LockoutEnd], [a].[Name], [a].[NormalizedEmail], [a].[NormalizedUserName], [a].[PasswordHash], [a].[PhoneNumber], [a].[PhoneNumberConfirmed], [a].[Role], [a].[SecurityStamp], [a].[TwoFactorEnabled], [a].[UserName]
FROM [AspNetUsers] AS [a]
WHERE [a].[Id] = @__p_0]
[INFO] - [35] - [?] - [Executed DbCommand (0ms) [Parameters=[@__user_Id_0='?' (DbType = Int32), @__p_1='?' (DbType = Int32)], CommandType='Text', CommandTimeout='30']
SELECT [p].[Id], [p].[AppUserId], [p].[Body], [p].[CreatedAt], [p].[PostStatus], [p].[Title], [a].[Id], [c].[Id], [c].[AppUserId], [c].[PostId], [c].[Text], [c].[Time], [r].[Id], [r].[AppUserId], [r].[PostId], [r].[ReactType], [a].[AccessFailedCount], [a].[ConcurrencyStamp], [a].[Email], [a].[EmailConfirmed], [a].[LockoutEnabled], [a].[LockoutEnd], [a].[Name], [a].[NormalizedEmail], [a].[NormalizedUserName], [a].[PasswordHash], [a].[PhoneNumber], [a].[PhoneNumberConfirmed], [a].[Role], [a].[SecurityStamp], [a].[TwoFactorEnabled], [a].[UserName]
FROM [Posts] AS [p]
INNER JOIN [AspNetUsers] AS [a] ON [p].[AppUserId] = [a].[Id]
LEFT JOIN [Comments] AS [c] ON [p].[Id] = [c].[PostId]
LEFT JOIN [Reactions] AS [r] ON [p].[Id] = [r].[PostId]
WHERE [p].[AppUserId] = @__user_Id_0 AND [p].[PostStatus] = @__p_1
ORDER BY [p].[CreatedAt] DESC, [p].[Id], [a].[Id], [c].[Id]]
[INFO] - [28] - [?] - [Executed DbCommand (0ms) [Parameters=[@__p_0='?' (DbType = Int32)], CommandType='Text', CommandTimeout='30']
SELECT TOP(1) [a].[Id], [a].[AccessFailedCount], [a].[ConcurrencyStamp], [a].[Email], [a].[EmailConfirmed], [a].[LockoutEnabled], [a].[LockoutEnd], [a].[Name], [a].[NormalizedEmail], [a].[NormalizedUserName], [a].[PasswordHash], [a].[PhoneNumber], [a].[PhoneNumberConfirmed], [a].[Role], [a].[SecurityStamp], [a].[TwoFactorEnabled], [a].[UserName]
FROM [AspNetUsers] AS [a]
WHERE [a].[Id] = @__p_0]
[INFO] - [28] - [?] - [Executed DbCommand (0ms) [Parameters=[@__user_Id_0='?' (DbType = Int32), @__p_1='?' (DbType = Int32)], CommandType='Text', CommandTimeout='30']
SELECT [p].[Id], [p].[AppUserId], [p].[Body], [p].[CreatedAt], [p].[PostStatus], [p].[Title], [a].[Id], [c].[Id], [c].[AppUserId], [c].[PostId], [c].[Text], [c].[Time], [r].[Id], [r].[AppUserId], [r].[PostId], [r].[ReactType], [a].[AccessFailedCount], [a].[ConcurrencyStamp], [a].[Email], [a].[EmailConfirmed], [a].[LockoutEnabled], [a].[LockoutEnd], [a].[Name], [a].[NormalizedEmail], [a].[NormalizedUserName], [a].[PasswordHash], [a].[PhoneNumber], [a].[PhoneNumberConfirmed], [a].[Role], [a].[SecurityStamp], [a].[TwoFactorEnabled], [a].[UserName]
FROM [Posts] AS [p]
INNER JOIN [AspNetUsers] AS [a] ON [p].[AppUserId] = [a].[Id]
LEFT JOIN [Comments] AS [c] ON [p].[Id] = [c].[PostId]
LEFT JOIN [Reactions] AS [r] ON [p].[Id] = [r].[PostId]
WHERE [p].[AppUserId] = @__user_Id_0 AND [p].[PostStatus] = @__p_1
ORDER BY [p].[CreatedAt] DESC, [p].[Id], [a].[Id], [c].[Id]]
[INFO] - [31] - [?] - [Executed DbCommand (0ms) [Parameters=[@__p_0='?' (DbType = Int32)], CommandType='Text', CommandTimeout='30']
SELECT TOP(1) [a].[Id], [a].[AccessFailedCount], [a].[ConcurrencyStamp], [a].[Email], [a].[EmailConfirmed], [a].[LockoutEnabled], [a].[LockoutEnd], [a].[Name], [a].[NormalizedEmail], [a].[NormalizedUserName], [a].[PasswordHash], [a].[PhoneNumber], [a].[PhoneNumberConfirmed], [a].[Role], [a].[SecurityStamp], [a].[TwoFactorEnabled], [a].[UserName]
FROM [AspNetUsers] AS [a]
WHERE [a].[Id] = @__p_0]
[INFO] - [31] - [?] - [Executed DbCommand (1ms) [Parameters=[@__user_Id_0='?' (DbType = Int32), @__p_1='?' (DbType = Int32)], CommandType='Text', CommandTimeout='30']
SELECT [p].[Id], [p].[AppUserId], [p].[Body], [p].[CreatedAt], [p].[PostStatus], [p].[Title], [a].[Id], [c].[Id], [c].[AppUserId], [c].[PostId], [c].[Text], [c].[Time], [r].[Id], [r].[AppUserId], [r].[PostId], [r].[ReactType], [a].[AccessFailedCount], [a].[ConcurrencyStamp], [a].[Email], [a].[EmailConfirmed], [a].[LockoutEnabled], [a].[LockoutEnd], [a].[Name], [a].[NormalizedEmail], [a].[NormalizedUserName], [a].[PasswordHash], [a].[PhoneNumber], [a].[PhoneNumberConfirmed], [a].[Role], [a].[SecurityStamp], [a].[TwoFactorEnabled], [a].[UserName]
FROM [Posts] AS [p]
INNER JOIN [AspNetUsers] AS [a] ON [p].[AppUserId] = [a].[Id]
LEFT JOIN [Comments] AS [c] ON [p].[Id] = [c].[PostId]
LEFT JOIN [Reactions] AS [r] ON [p].[Id] = [r].[PostId]
WHERE [p].[AppUserId] = @__user_Id_0 AND [p].[PostStatus] = @__p_1
ORDER BY [p].[CreatedAt] DESC, [p].[Id], [a].[Id], [c].[Id]]
[INFO] - [35] - [?] - [Executed DbCommand (1ms) [Parameters=[@__p_0='?' (DbType = Int32)], CommandType='Text', CommandTimeout='30']
SELECT TOP(1) [a].[Id], [a].[AccessFailedCount], [a].[ConcurrencyStamp], [a].[Email], [a].[EmailConfirmed], [a].[LockoutEnabled], [a].[LockoutEnd], [a].[Name], [a].[NormalizedEmail], [a].[NormalizedUserName], [a].[PasswordHash], [a].[PhoneNumber], [a].[PhoneNumberConfirmed], [a].[Role], [a].[SecurityStamp], [a].[TwoFactorEnabled], [a].[UserName]
FROM [AspNetUsers] AS [a]
WHERE [a].[Id] = @__p_0]
[INFO] - [35] - [?] - [Executed DbCommand (0ms) [Parameters=[@__user_Id_0='?' (DbType = Int32)], CommandType='Text', CommandTimeout='30']
SELECT [p].[Id], [p].[AppUserId], [p].[Body], [p].[CreatedAt], [p].[PostStatus], [p].[Title], [a].[Id], [c].[Id], [c].[AppUserId], [c].[PostId], [c].[Text], [c].[Time], [r].[Id], [r].[AppUserId], [r].[PostId], [r].[ReactType], [a].[AccessFailedCount], [a].[ConcurrencyStamp], [a].[Email], [a].[EmailConfirmed], [a].[LockoutEnabled], [a].[LockoutEnd], [a].[Name], [a].[NormalizedEmail], [a].[NormalizedUserName], [a].[PasswordHash], [a].[PhoneNumber], [a].[PhoneNumberConfirmed], [a].[Role], [a].[SecurityStamp], [a].[TwoFactorEnabled], [a].[UserName]
FROM [Posts] AS [p]
INNER JOIN [AspNetUsers] AS [a] ON [p].[AppUserId] = [a].[Id]
LEFT JOIN [Comments] AS [c] ON [p].[Id] = [c].[PostId]
LEFT JOIN [Reactions] AS [r] ON [p].[Id] = [r].[PostId]
WHERE [p].[AppUserId] = @__user_Id_0
ORDER BY [p].[CreatedAt] DESC, [p].[Id], [a].[Id], [c].[Id]]
[INFO] - [20] - [?] - [Executed DbCommand (1ms) [Parameters=[@__p_0='?' (DbType = Int32), @__p_1='?' (DbType = Int32)], CommandType='Text', CommandTimeout='30']
SELECT [p0].[Id], [p0].[AppUserId], [p0].[Body], [p0].[CreatedAt], [p0].[PostStatus], [p0].[Title], [a].[Id], [c].[Id], [c].[AppUserId], [c].[PostId], [c].[Text], [c].[Time], [r].[Id], [r].[AppUserId], [r].[PostId], [r].[ReactType], [a].[AccessFailedCount], [a].[ConcurrencyStamp], [a].[Email], [a].[EmailConfirmed], [a].[LockoutEnabled], [a].[LockoutEnd], [a].[Name], [a].[NormalizedEmail], [a].[NormalizedUserName], [a].[PasswordHash], [a].[PhoneNumber], [a].[PhoneNumberConfirmed], [a].[Role], [a].[SecurityStamp], [a].[TwoFactorEnabled], [a].[UserName]
FROM (
    SELECT [p].[Id], [p].[AppUserId], [p].[Body], [p].[CreatedAt], [p].[PostStatus], [p].[Title]
    FROM [Posts] AS [p]
    WHERE [p].[PostStatus] = 10
    ORDER BY [p].[CreatedAt] DESC
    OFFSET @__p_0 ROWS FETCH NEXT @__p_1 ROWS ONLY
) AS [p0]
INNER JOIN [AspNetUsers] AS [a] ON [p0].[AppUserId] = [a].[Id]
LEFT JOIN [Comments] AS [c] ON [p0].[Id] = [c].[PostId]
LEFT JOIN [Reactions] AS [r] ON [p0].[Id] = [r].[PostId]
ORDER BY [p0].[CreatedAt] DESC, [p0].[Id], [a].[Id], [c].[Id]]
[INFO] - [20] - [?] - [Executed DbCommand (1ms) [Parameters=[], CommandType='Text', CommandTimeout='30']
SELECT COUNT(*)
FROM [Posts] AS [p]]
[INFO] - [20] - [SimpleBlog.Presentation.Areas.User.Controllers.HomeController.Index(C:\Users\OPL-PC\Desktop\SimpleBlog\SimpleBlog\SimpleBlog.Presentation\Areas\User\Controllers\HomeController.cs:39)] - [Page Load]
[INFO] - [22] - [?] - [Executed DbCommand (0ms) [Parameters=[@__p_0='?' (DbType = Int32)], CommandType='Text', CommandTimeout='30']
SELECT TOP(1) [a].[Id], [a].[AccessFailedCount], [a].[ConcurrencyStamp], [a].[Email], [a].[EmailConfirmed], [a].[LockoutEnabled], [a].[LockoutEnd], [a].[Name], [a].[NormalizedEmail], [a].[NormalizedUserName], [a].[PasswordHash], [a].[PhoneNumber], [a].[PhoneNumberConfirmed], [a].[Role], [a].[SecurityStamp], [a].[TwoFactorEnabled], [a].[UserName]
FROM [AspNetUsers] AS [a]
WHERE [a].[Id] = @__p_0]
[INFO] - [22] - [?] - [Executed DbCommand (0ms) [Parameters=[@__user_Id_0='?' (DbType = Int32)], CommandType='Text', CommandTimeout='30']
SELECT [p].[Id], [p].[AppUserId], [p].[Body], [p].[CreatedAt], [p].[PostStatus], [p].[Title], [a].[Id], [c].[Id], [c].[AppUserId], [c].[PostId], [c].[Text], [c].[Time], [r].[Id], [r].[AppUserId], [r].[PostId], [r].[ReactType], [a].[AccessFailedCount], [a].[ConcurrencyStamp], [a].[Email], [a].[EmailConfirmed], [a].[LockoutEnabled], [a].[LockoutEnd], [a].[Name], [a].[NormalizedEmail], [a].[NormalizedUserName], [a].[PasswordHash], [a].[PhoneNumber], [a].[PhoneNumberConfirmed], [a].[Role], [a].[SecurityStamp], [a].[TwoFactorEnabled], [a].[UserName]
FROM [Posts] AS [p]
INNER JOIN [AspNetUsers] AS [a] ON [p].[AppUserId] = [a].[Id]
LEFT JOIN [Comments] AS [c] ON [p].[Id] = [c].[PostId]
LEFT JOIN [Reactions] AS [r] ON [p].[Id] = [r].[PostId]
WHERE [p].[AppUserId] = @__user_Id_0
ORDER BY [p].[CreatedAt] DESC, [p].[Id], [a].[Id], [c].[Id]]
[INFO] - [34] - [?] - [Executed DbCommand (1ms) [Parameters=[@__p_0='?' (DbType = Int32), @__p_1='?' (DbType = Int32)], CommandType='Text', CommandTimeout='30']
SELECT [p0].[Id], [p0].[AppUserId], [p0].[Body], [p0].[CreatedAt], [p0].[PostStatus], [p0].[Title], [a].[Id], [c].[Id], [c].[AppUserId], [c].[PostId], [c].[Text], [c].[Time], [r].[Id], [r].[AppUserId], [r].[PostId], [r].[ReactType], [a].[AccessFailedCount], [a].[ConcurrencyStamp], [a].[Email], [a].[EmailConfirmed], [a].[LockoutEnabled], [a].[LockoutEnd], [a].[Name], [a].[NormalizedEmail], [a].[NormalizedUserName], [a].[PasswordHash], [a].[PhoneNumber], [a].[PhoneNumberConfirmed], [a].[Role], [a].[SecurityStamp], [a].[TwoFactorEnabled], [a].[UserName]
FROM (
    SELECT [p].[Id], [p].[AppUserId], [p].[Body], [p].[CreatedAt], [p].[PostStatus], [p].[Title]
    FROM [Posts] AS [p]
    WHERE [p].[PostStatus] = 10
    ORDER BY [p].[CreatedAt] DESC
    OFFSET @__p_0 ROWS FETCH NEXT @__p_1 ROWS ONLY
) AS [p0]
INNER JOIN [AspNetUsers] AS [a] ON [p0].[AppUserId] = [a].[Id]
LEFT JOIN [Comments] AS [c] ON [p0].[Id] = [c].[PostId]
LEFT JOIN [Reactions] AS [r] ON [p0].[Id] = [r].[PostId]
ORDER BY [p0].[CreatedAt] DESC, [p0].[Id], [a].[Id], [c].[Id]]
[INFO] - [34] - [?] - [Executed DbCommand (1ms) [Parameters=[], CommandType='Text', CommandTimeout='30']
SELECT COUNT(*)
FROM [Posts] AS [p]]
[INFO] - [34] - [SimpleBlog.Presentation.Areas.User.Controllers.HomeController.Index(C:\Users\OPL-PC\Desktop\SimpleBlog\SimpleBlog\SimpleBlog.Presentation\Areas\User\Controllers\HomeController.cs:39)] - [Page Load]
[INFO] - [30] - [?] - [Executed DbCommand (0ms) [Parameters=[@__p_0='?' (DbType = Int32)], CommandType='Text', CommandTimeout='30']
SELECT TOP(1) [a].[Id], [a].[AccessFailedCount], [a].[ConcurrencyStamp], [a].[Email], [a].[EmailConfirmed], [a].[LockoutEnabled], [a].[LockoutEnd], [a].[Name], [a].[NormalizedEmail], [a].[NormalizedUserName], [a].[PasswordHash], [a].[PhoneNumber], [a].[PhoneNumberConfirmed], [a].[Role], [a].[SecurityStamp], [a].[TwoFactorEnabled], [a].[UserName]
FROM [AspNetUsers] AS [a]
WHERE [a].[Id] = @__p_0]
[INFO] - [30] - [?] - [Executed DbCommand (1ms) [Parameters=[@__user_Id_0='?' (DbType = Int32)], CommandType='Text', CommandTimeout='30']
SELECT [p].[Id], [p].[AppUserId], [p].[Body], [p].[CreatedAt], [p].[PostStatus], [p].[Title], [a].[Id], [c].[Id], [c].[AppUserId], [c].[PostId], [c].[Text], [c].[Time], [r].[Id], [r].[AppUserId], [r].[PostId], [r].[ReactType], [a].[AccessFailedCount], [a].[ConcurrencyStamp], [a].[Email], [a].[EmailConfirmed], [a].[LockoutEnabled], [a].[LockoutEnd], [a].[Name], [a].[NormalizedEmail], [a].[NormalizedUserName], [a].[PasswordHash], [a].[PhoneNumber], [a].[PhoneNumberConfirmed], [a].[Role], [a].[SecurityStamp], [a].[TwoFactorEnabled], [a].[UserName]
FROM [Posts] AS [p]
INNER JOIN [AspNetUsers] AS [a] ON [p].[AppUserId] = [a].[Id]
LEFT JOIN [Comments] AS [c] ON [p].[Id] = [c].[PostId]
LEFT JOIN [Reactions] AS [r] ON [p].[Id] = [r].[PostId]
WHERE [p].[AppUserId] = @__user_Id_0
ORDER BY [p].[CreatedAt] DESC, [p].[Id], [a].[Id], [c].[Id]]
[INFO] - [33] - [?] - [Executed DbCommand (1ms) [Parameters=[@__p_0='?' (DbType = Int32), @__p_1='?' (DbType = Int32)], CommandType='Text', CommandTimeout='30']
SELECT [p0].[Id], [p0].[AppUserId], [p0].[Body], [p0].[CreatedAt], [p0].[PostStatus], [p0].[Title], [a].[Id], [c].[Id], [c].[AppUserId], [c].[PostId], [c].[Text], [c].[Time], [r].[Id], [r].[AppUserId], [r].[PostId], [r].[ReactType], [a].[AccessFailedCount], [a].[ConcurrencyStamp], [a].[Email], [a].[EmailConfirmed], [a].[LockoutEnabled], [a].[LockoutEnd], [a].[Name], [a].[NormalizedEmail], [a].[NormalizedUserName], [a].[PasswordHash], [a].[PhoneNumber], [a].[PhoneNumberConfirmed], [a].[Role], [a].[SecurityStamp], [a].[TwoFactorEnabled], [a].[UserName]
FROM (
    SELECT [p].[Id], [p].[AppUserId], [p].[Body], [p].[CreatedAt], [p].[PostStatus], [p].[Title]
    FROM [Posts] AS [p]
    WHERE [p].[PostStatus] = 10
    ORDER BY [p].[CreatedAt] DESC
    OFFSET @__p_0 ROWS FETCH NEXT @__p_1 ROWS ONLY
) AS [p0]
INNER JOIN [AspNetUsers] AS [a] ON [p0].[AppUserId] = [a].[Id]
LEFT JOIN [Comments] AS [c] ON [p0].[Id] = [c].[PostId]
LEFT JOIN [Reactions] AS [r] ON [p0].[Id] = [r].[PostId]
ORDER BY [p0].[CreatedAt] DESC, [p0].[Id], [a].[Id], [c].[Id]]
[INFO] - [33] - [?] - [Executed DbCommand (0ms) [Parameters=[], CommandType='Text', CommandTimeout='30']
SELECT COUNT(*)
FROM [Posts] AS [p]]
[INFO] - [33] - [SimpleBlog.Presentation.Areas.User.Controllers.HomeController.Index(C:\Users\OPL-PC\Desktop\SimpleBlog\SimpleBlog\SimpleBlog.Presentation\Areas\User\Controllers\HomeController.cs:39)] - [Page Load]
[INFO] - [32] - [?] - [Executed DbCommand (0ms) [Parameters=[@__p_0='?' (DbType = Int32)], CommandType='Text', CommandTimeout='30']
SELECT TOP(1) [a].[Id], [a].[AccessFailedCount], [a].[ConcurrencyStamp], [a].[Email], [a].[EmailConfirmed], [a].[LockoutEnabled], [a].[LockoutEnd], [a].[Name], [a].[NormalizedEmail], [a].[NormalizedUserName], [a].[PasswordHash], [a].[PhoneNumber], [a].[PhoneNumberConfirmed], [a].[Role], [a].[SecurityStamp], [a].[TwoFactorEnabled], [a].[UserName]
FROM [AspNetUsers] AS [a]
WHERE [a].[Id] = @__p_0]
[INFO] - [32] - [?] - [Executed DbCommand (1ms) [Parameters=[@__user_Id_0='?' (DbType = Int32)], CommandType='Text', CommandTimeout='30']
SELECT [p].[Id], [p].[AppUserId], [p].[Body], [p].[CreatedAt], [p].[PostStatus], [p].[Title], [a].[Id], [c].[Id], [c].[AppUserId], [c].[PostId], [c].[Text], [c].[Time], [r].[Id], [r].[AppUserId], [r].[PostId], [r].[ReactType], [a].[AccessFailedCount], [a].[ConcurrencyStamp], [a].[Email], [a].[EmailConfirmed], [a].[LockoutEnabled], [a].[LockoutEnd], [a].[Name], [a].[NormalizedEmail], [a].[NormalizedUserName], [a].[PasswordHash], [a].[PhoneNumber], [a].[PhoneNumberConfirmed], [a].[Role], [a].[SecurityStamp], [a].[TwoFactorEnabled], [a].[UserName]
FROM [Posts] AS [p]
INNER JOIN [AspNetUsers] AS [a] ON [p].[AppUserId] = [a].[Id]
LEFT JOIN [Comments] AS [c] ON [p].[Id] = [c].[PostId]
LEFT JOIN [Reactions] AS [r] ON [p].[Id] = [r].[PostId]
WHERE [p].[AppUserId] = @__user_Id_0
ORDER BY [p].[CreatedAt] DESC, [p].[Id], [a].[Id], [c].[Id]]
[INFO] - [33] - [?] - [Executed DbCommand (1ms) [Parameters=[@__p_0='?' (DbType = Int32), @__p_1='?' (DbType = Int32)], CommandType='Text', CommandTimeout='30']
SELECT [p0].[Id], [p0].[AppUserId], [p0].[Body], [p0].[CreatedAt], [p0].[PostStatus], [p0].[Title], [a].[Id], [c].[Id], [c].[AppUserId], [c].[PostId], [c].[Text], [c].[Time], [r].[Id], [r].[AppUserId], [r].[PostId], [r].[ReactType], [a].[AccessFailedCount], [a].[ConcurrencyStamp], [a].[Email], [a].[EmailConfirmed], [a].[LockoutEnabled], [a].[LockoutEnd], [a].[Name], [a].[NormalizedEmail], [a].[NormalizedUserName], [a].[PasswordHash], [a].[PhoneNumber], [a].[PhoneNumberConfirmed], [a].[Role], [a].[SecurityStamp], [a].[TwoFactorEnabled], [a].[UserName]
FROM (
    SELECT [p].[Id], [p].[AppUserId], [p].[Body], [p].[CreatedAt], [p].[PostStatus], [p].[Title]
    FROM [Posts] AS [p]
    WHERE [p].[PostStatus] = 10
    ORDER BY [p].[CreatedAt] DESC
    OFFSET @__p_0 ROWS FETCH NEXT @__p_1 ROWS ONLY
) AS [p0]
INNER JOIN [AspNetUsers] AS [a] ON [p0].[AppUserId] = [a].[Id]
LEFT JOIN [Comments] AS [c] ON [p0].[Id] = [c].[PostId]
LEFT JOIN [Reactions] AS [r] ON [p0].[Id] = [r].[PostId]
ORDER BY [p0].[CreatedAt] DESC, [p0].[Id], [a].[Id], [c].[Id]]
[INFO] - [33] - [?] - [Executed DbCommand (0ms) [Parameters=[], CommandType='Text', CommandTimeout='30']
SELECT COUNT(*)
FROM [Posts] AS [p]]
[INFO] - [33] - [SimpleBlog.Presentation.Areas.User.Controllers.HomeController.Index(C:\Users\OPL-PC\Desktop\SimpleBlog\SimpleBlog\SimpleBlog.Presentation\Areas\User\Controllers\HomeController.cs:39)] - [Page Load]
[INFO] - [30] - [?] - [Executed DbCommand (1ms) [Parameters=[@__p_0='?' (DbType = Int32)], CommandType='Text', CommandTimeout='30']
SELECT TOP(1) [a].[Id], [a].[AccessFailedCount], [a].[ConcurrencyStamp], [a].[Email], [a].[EmailConfirmed], [a].[LockoutEnabled], [a].[LockoutEnd], [a].[Name], [a].[NormalizedEmail], [a].[NormalizedUserName], [a].[PasswordHash], [a].[PhoneNumber], [a].[PhoneNumberConfirmed], [a].[Role], [a].[SecurityStamp], [a].[TwoFactorEnabled], [a].[UserName]
FROM [AspNetUsers] AS [a]
WHERE [a].[Id] = @__p_0]
[INFO] - [30] - [?] - [Executed DbCommand (1ms) [Parameters=[@__user_Id_0='?' (DbType = Int32)], CommandType='Text', CommandTimeout='30']
SELECT [p].[Id], [p].[AppUserId], [p].[Body], [p].[CreatedAt], [p].[PostStatus], [p].[Title], [a].[Id], [c].[Id], [c].[AppUserId], [c].[PostId], [c].[Text], [c].[Time], [r].[Id], [r].[AppUserId], [r].[PostId], [r].[ReactType], [a].[AccessFailedCount], [a].[ConcurrencyStamp], [a].[Email], [a].[EmailConfirmed], [a].[LockoutEnabled], [a].[LockoutEnd], [a].[Name], [a].[NormalizedEmail], [a].[NormalizedUserName], [a].[PasswordHash], [a].[PhoneNumber], [a].[PhoneNumberConfirmed], [a].[Role], [a].[SecurityStamp], [a].[TwoFactorEnabled], [a].[UserName]
FROM [Posts] AS [p]
INNER JOIN [AspNetUsers] AS [a] ON [p].[AppUserId] = [a].[Id]
LEFT JOIN [Comments] AS [c] ON [p].[Id] = [c].[PostId]
LEFT JOIN [Reactions] AS [r] ON [p].[Id] = [r].[PostId]
WHERE [p].[AppUserId] = @__user_Id_0
ORDER BY [p].[CreatedAt] DESC, [p].[Id], [a].[Id], [c].[Id]]
